Driver,Team,LapNumber,LapTime,Sector1Time,Sector2Time,Sector3Time,Stint,Compound,TyreLife,TrackStatus,EventName,SessionName,Year
NOR,McLaren,1.0,,,0 days 00:00:23.812000,0 days 00:01:02.768000,1.0,MEDIUM,1.0,126,Australian Grand Prix,FP1,2026
NOR,McLaren,2.0,,0 days 00:00:40.404000,0 days 00:00:20.046000,,1.0,MEDIUM,2.0,671,Australian Grand Prix,FP1,2026
NOR,McLaren,3.0,,0 days 00:00:43.538000,0 days 00:00:22.121000,,2.0,MEDIUM,3.0,1,Australian Grand Prix,FP1,2026
NOR,McLaren,4.0,0 days 00:01:41.411000,0 days 00:00:40.252000,0 days 00:00:20.724000,0 days 00:00:40.435000,3.0,MEDIUM,4.0,1,Australian Grand Prix,FP1,2026
NOR,McLaren,5.0,0 days 00:01:24.906000,0 days 00:00:29.609000,0 days 00:00:18.321000,0 days 00:00:36.976000,3.0,MEDIUM,5.0,1,Australian Grand Prix,FP1,2026
NOR,McLaren,6.0,0 days 00:01:24.391000,0 days 00:00:29.862000,0 days 00:00:18.361000,0 days 00:00:36.168000,3.0,MEDIUM,6.0,1,Australian Grand Prix,FP1,2026
NOR,McLaren,7.0,,0 days 00:00:29.637000,0 days 00:00:25.959000,,3.0,MEDIUM,7.0,1,Australian Grand Prix,FP1,2026
VER,Red Bull Racing,1.0,0 days 00:02:04.309000,0 days 00:00:58.007000,0 days 00:00:22.645000,0 days 00:00:43.657000,1.0,MEDIUM,1.0,12,Australian Grand Prix,FP1,2026
VER,Red Bull Racing,2.0,0 days 00:01:44.573000,0 days 00:00:31.865000,0 days 00:00:18.298000,0 days 00:00:54.410000,1.0,MEDIUM,2.0,26,Australian Grand Prix,FP1,2026
VER,Red Bull Racing,3.0,0 days 00:01:55.581000,0 days 00:00:46.488000,0 days 00:00:23.017000,0 days 00:00:46.076000,1.0,MEDIUM,3.0,671,Australian Grand Prix,FP1,2026
VER,Red Bull Racing,4.0,0 days 00:01:22.920000,0 days 00:00:29.225000,0 days 00:00:17.878000,0 days 00:00:35.817000,1.0,MEDIUM,4.0,1,Australian Grand Prix,FP1,2026
VER,Red Bull Racing,5.0,,0 days 00:01:08.827000,0 days 00:00:23.938000,0 days 00:00:58.213000,1.0,MEDIUM,5.0,1,Australian Grand Prix,FP1,2026
VER,Red Bull Racing,6.0,0 days 00:01:22.305000,0 days 00:00:29.148000,0 days 00:00:17.841000,0 days 00:00:35.316000,1.0,MEDIUM,6.0,1,Australian Grand Prix,FP1,2026
VER,Red Bull Racing,7.0,0 days 00:02:09.341000,0 days 00:00:41.316000,0 days 00:00:27.488000,0 days 00:01:00.537000,1.0,MEDIUM,7.0,1,Australian Grand Prix,FP1,2026
VER,Red Bull Racing,8.0,0 days 00:01:37.970000,0 days 00:00:33.394000,0 days 00:00:23.270000,0 days 00:00:41.306000,1.0,MEDIUM,8.0,1,Australian Grand Prix,FP1,2026
VER,Red Bull Racing,9.0,0 days 00:01:22.307000,0 days 00:00:28.936000,0 days 00:00:17.887000,0 days 00:00:35.484000,1.0,MEDIUM,9.0,1,Australian Grand Prix,FP1,2026
VER,Red Bull Racing,10.0,,0 days 00:01:22.771000,0 days 00:00:27.150000,0 days 00:01:10.169000,1.0,MEDIUM,10.0,1,Australian Grand Prix,FP1,2026
VER,Red Bull Racing,11.0,0 days 00:01:45.580000,0 days 00:00:39.142000,0 days 00:00:20.656000,0 days 00:00:45.782000,2.0,MEDIUM,11.0,1,Australian Grand Prix,FP1,2026
VER,Red Bull Racing,12.0,0 days 00:01:21.403000,0 days 00:00:28.648000,0 days 00:00:17.806000,0 days 00:00:34.949000,2.0,MEDIUM,12.0,1,Australian Grand Prix,FP1,2026
VER,Red Bull Racing,13.0,,0 days 00:00:34.656000,0 days 00:00:21.523000,,2.0,MEDIUM,13.0,1,Australian Grand Prix,FP1,2026
VER,Red Bull Racing,14.0,0 days 00:01:43.147000,0 days 00:00:39.606000,0 days 00:00:22.331000,0 days 00:00:41.210000,3.0,SOFT,1.0,1,Australian Grand Prix,FP1,2026
VER,Red Bull Racing,15.0,0 days 00:01:20.908000,0 days 00:00:28.394000,0 days 00:00:17.739000,0 days 00:00:34.775000,3.0,SOFT,2.0,1,Australian Grand Prix,FP1,2026
VER,Red Bull Racing,16.0,0 days 00:02:13.564000,0 days 00:00:42.072000,0 days 00:00:26.164000,0 days 00:01:05.328000,3.0,SOFT,3.0,1,Australian Grand Prix,FP1,2026
VER,Red Bull Racing,17.0,0 days 00:01:51.234000,0 days 00:00:41.522000,0 days 00:00:21.415000,0 days 00:00:48.297000,4.0,SOFT,4.0,1,Australian Grand Prix,FP1,2026
VER,Red Bull Racing,18.0,0 days 00:01:20.789000,0 days 00:00:28.362000,0 days 00:00:17.673000,0 days 00:00:34.754000,4.0,SOFT,5.0,1,Australian Grand Prix,FP1,2026
VER,Red Bull Racing,19.0,,0 days 00:00:35.845000,0 days 00:00:21.604000,,4.0,SOFT,6.0,126,Australian Grand Prix,FP1,2026
VER,Red Bull Racing,20.0,0 days 00:01:42.630000,0 days 00:00:40.394000,0 days 00:00:18.757000,0 days 00:00:43.479000,5.0,MEDIUM,14.0,671,Australian Grand Prix,FP1,2026
VER,Red Bull Racing,21.0,0 days 00:01:25.753000,0 days 00:00:30.613000,0 days 00:00:18.583000,0 days 00:00:36.557000,5.0,MEDIUM,15.0,1,Australian Grand Prix,FP1,2026
VER,Red Bull Racing,22.0,0 days 00:01:24.846000,0 days 00:00:29.728000,0 days 00:00:18.556000,0 days 00:00:36.562000,5.0,MEDIUM,16.0,1,Australian Grand Prix,FP1,2026
VER,Red Bull Racing,23.0,0 days 00:01:24.843000,0 days 00:00:29.671000,0 days 00:00:18.528000,0 days 00:00:36.644000,5.0,MEDIUM,17.0,1,Australian Grand Prix,FP1,2026
VER,Red Bull Racing,24.0,0 days 00:01:24.894000,0 days 00:00:29.991000,0 days 00:00:18.272000,0 days 00:00:36.631000,5.0,MEDIUM,18.0,1,Australian Grand Prix,FP1,2026
VER,Red Bull Racing,25.0,0 days 00:01:24.621000,0 days 00:00:29.757000,0 days 00:00:18.362000,0 days 00:00:36.502000,5.0,MEDIUM,19.0,1,Australian Grand Prix,FP1,2026
VER,Red Bull Racing,26.0,,0 days 00:00:39.060000,0 days 00:00:25.294000,,5.0,MEDIUM,20.0,1,Australian Grand Prix,FP1,2026
VER,Red Bull Racing,27.0,,0 days 00:00:35.853000,0 days 00:00:19.851000,,5.0,MEDIUM,21.0,1,Australian Grand Prix,FP1,2026
BOR,Audi,1.0,,0 days 00:01:02.348000,0 days 00:00:23.116000,,1.0,MEDIUM,1.0,1267,Australian Grand Prix,FP1,2026
BOR,Audi,2.0,0 days 00:02:05.572000,0 days 00:00:56.725000,0 days 00:00:21.014000,0 days 00:00:47.833000,2.0,MEDIUM,2.0,1,Australian Grand Prix,FP1,2026
BOR,Audi,3.0,0 days 00:01:36.091000,0 days 00:00:32.727000,0 days 00:00:20.390000,0 days 00:00:42.974000,2.0,MEDIUM,3.0,1,Australian Grand Prix,FP1,2026
BOR,Audi,4.0,0 days 00:01:24.332000,0 days 00:00:29.499000,0 days 00:00:18.396000,0 days 00:00:36.437000,2.0,MEDIUM,4.0,1,Australian Grand Prix,FP1,2026
BOR,Audi,5.0,0 days 00:01:48.334000,0 days 00:00:40.496000,0 days 00:00:23.467000,0 days 00:00:44.371000,2.0,MEDIUM,5.0,1,Australian Grand Prix,FP1,2026
BOR,Audi,6.0,0 days 00:01:22.802000,0 days 00:00:28.921000,0 days 00:00:18.049000,0 days 00:00:35.832000,2.0,MEDIUM,6.0,1,Australian Grand Prix,FP1,2026
BOR,Audi,7.0,0 days 00:01:57.702000,0 days 00:00:44.017000,0 days 00:00:23.561000,0 days 00:00:50.124000,2.0,MEDIUM,7.0,1,Australian Grand Prix,FP1,2026
BOR,Audi,8.0,0 days 00:01:48.424000,0 days 00:00:29.235000,0 days 00:00:18.331000,0 days 00:01:00.858000,2.0,MEDIUM,8.0,1,Australian Grand Prix,FP1,2026
BOR,Audi,9.0,0 days 00:01:57.562000,0 days 00:00:42.426000,0 days 00:00:25.233000,0 days 00:00:49.903000,3.0,MEDIUM,9.0,1,Australian Grand Prix,FP1,2026
BOR,Audi,10.0,0 days 00:01:22.826000,0 days 00:00:28.966000,0 days 00:00:18.039000,0 days 00:00:35.821000,3.0,MEDIUM,10.0,1,Australian Grand Prix,FP1,2026
BOR,Audi,11.0,,0 days 00:00:36.019000,0 days 00:00:23.597000,,3.0,MEDIUM,11.0,1,Australian Grand Prix,FP1,2026
BOR,Audi,12.0,0 days 00:01:45.683000,0 days 00:00:38.494000,0 days 00:00:20.474000,0 days 00:00:46.715000,4.0,SOFT,1.0,1,Australian Grand Prix,FP1,2026
BOR,Audi,13.0,0 days 00:01:22.245000,0 days 00:00:28.671000,0 days 00:00:18.247000,0 days 00:00:35.327000,4.0,SOFT,2.0,1,Australian Grand Prix,FP1,2026
BOR,Audi,14.0,0 days 00:02:01.364000,0 days 00:00:45.658000,0 days 00:00:34.625000,0 days 00:00:41.081000,4.0,SOFT,3.0,1,Australian Grand Prix,FP1,2026
BOR,Audi,15.0,0 days 00:01:21.696000,0 days 00:00:28.432000,0 days 00:00:17.955000,0 days 00:00:35.309000,4.0,SOFT,4.0,1,Australian Grand Prix,FP1,2026
BOR,Audi,16.0,,0 days 00:00:38.678000,0 days 00:00:20.714000,,4.0,SOFT,5.0,1267,Australian Grand Prix,FP1,2026
BOR,Audi,17.0,0 days 00:02:01.843000,0 days 00:00:54.691000,0 days 00:00:18.892000,0 days 00:00:48.260000,5.0,MEDIUM,12.0,1,Australian Grand Prix,FP1,2026
BOR,Audi,18.0,0 days 00:01:55.773000,0 days 00:01:00.049000,0 days 00:00:18.347000,0 days 00:00:37.377000,6.0,MEDIUM,13.0,1,Australian Grand Prix,FP1,2026
BOR,Audi,19.0,0 days 00:01:25.242000,0 days 00:00:30.121000,0 days 00:00:18.202000,0 days 00:00:36.919000,6.0,MEDIUM,14.0,1,Australian Grand Prix,FP1,2026
BOR,Audi,20.0,0 days 00:01:25.384000,0 days 00:00:30.065000,0 days 00:00:18.221000,0 days 00:00:37.098000,6.0,MEDIUM,15.0,1,Australian Grand Prix,FP1,2026
BOR,Audi,21.0,0 days 00:01:25.102000,0 days 00:00:29.888000,0 days 00:00:18.129000,0 days 00:00:37.085000,6.0,MEDIUM,16.0,1,Australian Grand Prix,FP1,2026
BOR,Audi,22.0,,0 days 00:00:42.983000,0 days 00:00:23.580000,0 days 00:01:34.147000,6.0,MEDIUM,17.0,1,Australian Grand Prix,FP1,2026
BOR,Audi,23.0,,0 days 00:00:39.856000,0 days 00:00:28.611000,,6.0,MEDIUM,18.0,1,Australian Grand Prix,FP1,2026
HAD,Red Bull Racing,1.0,0 days 00:02:09.144000,0 days 00:01:02.292000,0 days 00:00:22.072000,0 days 00:00:44.780000,1.0,MEDIUM,1.0,12,Australian Grand Prix,FP1,2026
HAD,Red Bull Racing,2.0,0 days 00:02:15.787000,0 days 00:00:33.445000,0 days 00:00:34.367000,0 days 00:01:07.975000,1.0,MEDIUM,2.0,267,Australian Grand Prix,FP1,2026
HAD,Red Bull Racing,3.0,0 days 00:01:50.429000,0 days 00:00:42.230000,0 days 00:00:22.872000,0 days 00:00:45.327000,1.0,MEDIUM,3.0,71,Australian Grand Prix,FP1,2026
HAD,Red Bull Racing,4.0,0 days 00:01:24.147000,0 days 00:00:29.713000,0 days 00:00:18.115000,0 days 00:00:36.319000,1.0,MEDIUM,4.0,1,Australian Grand Prix,FP1,2026
HAD,Red Bull Racing,5.0,0 days 00:02:20.850000,0 days 00:00:50.576000,0 days 00:00:35.534000,0 days 00:00:54.740000,1.0,MEDIUM,5.0,1,Australian Grand Prix,FP1,2026
HAD,Red Bull Racing,6.0,0 days 00:01:22.900000,0 days 00:00:29.366000,0 days 00:00:17.872000,0 days 00:00:35.662000,1.0,MEDIUM,6.0,1,Australian Grand Prix,FP1,2026
HAD,Red Bull Racing,7.0,,0 days 00:00:58.206000,0 days 00:00:38.074000,0 days 00:00:58.210000,1.0,MEDIUM,7.0,1,Australian Grand Prix,FP1,2026
HAD,Red Bull Racing,8.0,0 days 00:01:21.888000,0 days 00:00:28.927000,0 days 00:00:17.756000,0 days 00:00:35.205000,1.0,MEDIUM,8.0,1,Australian Grand Prix,FP1,2026
HAD,Red Bull Racing,9.0,0 days 00:02:29.235000,0 days 00:00:53.361000,0 days 00:00:29.252000,0 days 00:01:06.622000,1.0,MEDIUM,9.0,1,Australian Grand Prix,FP1,2026
HAD,Red Bull Racing,10.0,0 days 00:01:53.861000,0 days 00:00:45.025000,0 days 00:00:21.021000,0 days 00:00:47.815000,2.0,MEDIUM,10.0,1,Australian Grand Prix,FP1,2026
HAD,Red Bull Racing,11.0,0 days 00:01:21.460000,0 days 00:00:28.729000,0 days 00:00:17.724000,0 days 00:00:35.007000,2.0,MEDIUM,11.0,1,Australian Grand Prix,FP1,2026
HAD,Red Bull Racing,12.0,,0 days 00:00:55.020000,0 days 00:00:21.202000,,2.0,MEDIUM,12.0,1,Australian Grand Prix,FP1,2026
HAD,Red Bull Racing,13.0,0 days 00:01:52.217000,0 days 00:00:44.844000,0 days 00:00:23.708000,0 days 00:00:43.665000,3.0,SOFT,1.0,1,Australian Grand Prix,FP1,2026
HAD,Red Bull Racing,14.0,0 days 00:01:21.087000,0 days 00:00:28.621000,0 days 00:00:17.620000,0 days 00:00:34.846000,3.0,SOFT,2.0,1,Australian Grand Prix,FP1,2026
HAD,Red Bull Racing,15.0,,0 days 00:00:54.159000,0 days 00:00:31.519000,0 days 00:01:10.422000,3.0,SOFT,3.0,1,Australian Grand Prix,FP1,2026
HAD,Red Bull Racing,16.0,0 days 00:02:03.207000,0 days 00:00:54.533000,0 days 00:00:25.485000,0 days 00:00:43.189000,4.0,SOFT,4.0,1,Australian Grand Prix,FP1,2026
HAD,Red Bull Racing,17.0,,0 days 00:00:48.119000,0 days 00:00:29.990000,,4.0,SOFT,5.0,1267,Australian Grand Prix,FP1,2026
HAD,Red Bull Racing,18.0,0 days 00:01:56.251000,0 days 00:00:59.596000,0 days 00:00:18.874000,0 days 00:00:37.781000,5.0,MEDIUM,13.0,1,Australian Grand Prix,FP1,2026
HAD,Red Bull Racing,19.0,0 days 00:01:25.276000,0 days 00:00:30.126000,0 days 00:00:18.312000,0 days 00:00:36.838000,5.0,MEDIUM,14.0,1,Australian Grand Prix,FP1,2026
HAD,Red Bull Racing,20.0,0 days 00:01:25.702000,0 days 00:00:29.787000,0 days 00:00:18.320000,0 days 00:00:37.595000,5.0,MEDIUM,15.0,1,Australian Grand Prix,FP1,2026
HAD,Red Bull Racing,21.0,0 days 00:01:24.879000,0 days 00:00:29.920000,0 days 00:00:18.096000,0 days 00:00:36.863000,5.0,MEDIUM,16.0,1,Australian Grand Prix,FP1,2026
HAD,Red Bull Racing,22.0,0 days 00:01:25.112000,0 days 00:00:29.838000,0 days 00:00:18.077000,0 days 00:00:37.197000,5.0,MEDIUM,17.0,1,Australian Grand Prix,FP1,2026
HAD,Red Bull Racing,23.0,,0 days 00:00:51.344000,0 days 00:00:30.036000,,5.0,MEDIUM,18.0,1,Australian Grand Prix,FP1,2026
HAD,Red Bull Racing,24.0,,0 days 00:00:32.141000,0 days 00:00:19.916000,,5.0,MEDIUM,19.0,1,Australian Grand Prix,FP1,2026
GAS,Alpine,1.0,0 days 00:02:05.377000,0 days 00:00:51.392000,0 days 00:00:21.802000,0 days 00:00:52.183000,1.0,MEDIUM,1.0,26,Australian Grand Prix,FP1,2026
GAS,Alpine,2.0,0 days 00:02:02.316000,0 days 00:00:43.369000,0 days 00:00:20.627000,0 days 00:00:58.320000,1.0,MEDIUM,2.0,671,Australian Grand Prix,FP1,2026
GAS,Alpine,3.0,0 days 00:01:28.397000,0 days 00:00:31.852000,0 days 00:00:18.425000,0 days 00:00:38.120000,1.0,MEDIUM,3.0,1,Australian Grand Prix,FP1,2026
GAS,Alpine,4.0,0 days 00:01:46.631000,0 days 00:00:36.490000,0 days 00:00:23.071000,0 days 00:00:47.070000,1.0,MEDIUM,4.0,1,Australian Grand Prix,FP1,2026
GAS,Alpine,5.0,0 days 00:01:26.130000,0 days 00:00:30.342000,0 days 00:00:18.762000,0 days 00:00:37.026000,1.0,MEDIUM,5.0,1,Australian Grand Prix,FP1,2026
GAS,Alpine,6.0,0 days 00:02:02.577000,0 days 00:00:42.684000,0 days 00:00:29.710000,0 days 00:00:50.183000,1.0,MEDIUM,6.0,1,Australian Grand Prix,FP1,2026
GAS,Alpine,7.0,0 days 00:01:25.477000,0 days 00:00:29.657000,0 days 00:00:19.182000,0 days 00:00:36.638000,1.0,MEDIUM,7.0,1,Australian Grand Prix,FP1,2026
GAS,Alpine,8.0,0 days 00:02:01.103000,0 days 00:00:43.045000,0 days 00:00:25.192000,0 days 00:00:52.866000,1.0,MEDIUM,8.0,1,Australian Grand Prix,FP1,2026
GAS,Alpine,9.0,0 days 00:01:44.567000,0 days 00:00:37.816000,0 days 00:00:21.448000,0 days 00:00:45.303000,1.0,MEDIUM,9.0,1,Australian Grand Prix,FP1,2026
GAS,Alpine,10.0,0 days 00:01:25.499000,0 days 00:00:29.721000,0 days 00:00:18.810000,0 days 00:00:36.968000,1.0,MEDIUM,10.0,1,Australian Grand Prix,FP1,2026
GAS,Alpine,11.0,,0 days 00:00:38.688000,0 days 00:00:22.638000,0 days 00:01:38.395000,1.0,MEDIUM,11.0,1,Australian Grand Prix,FP1,2026
GAS,Alpine,12.0,0 days 00:01:58.288000,0 days 00:00:41.016000,0 days 00:00:19.058000,0 days 00:00:58.214000,2.0,MEDIUM,12.0,1,Australian Grand Prix,FP1,2026
GAS,Alpine,13.0,,0 days 00:00:32.341000,0 days 00:00:20.674000,,2.0,MEDIUM,13.0,1,Australian Grand Prix,FP1,2026
GAS,Alpine,14.0,0 days 00:01:44.902000,0 days 00:00:38.635000,0 days 00:00:19.338000,0 days 00:00:46.929000,3.0,SOFT,1.0,1,Australian Grand Prix,FP1,2026
GAS,Alpine,15.0,0 days 00:01:55.639000,0 days 00:00:40.546000,0 days 00:00:26.105000,0 days 00:00:48.988000,3.0,SOFT,2.0,1,Australian Grand Prix,FP1,2026
GAS,Alpine,16.0,0 days 00:01:25.386000,0 days 00:00:29.790000,0 days 00:00:18.890000,0 days 00:00:36.706000,3.0,SOFT,3.0,1,Australian Grand Prix,FP1,2026
GAS,Alpine,17.0,0 days 00:02:03.201000,0 days 00:00:46.002000,0 days 00:00:25.377000,0 days 00:00:51.822000,3.0,SOFT,4.0,1,Australian Grand Prix,FP1,2026
GAS,Alpine,18.0,0 days 00:01:45.499000,0 days 00:00:39.650000,0 days 00:00:23.203000,0 days 00:00:42.646000,3.0,SOFT,5.0,1,Australian Grand Prix,FP1,2026
GAS,Alpine,19.0,0 days 00:01:24.794000,0 days 00:00:29.331000,0 days 00:00:18.946000,0 days 00:00:36.517000,3.0,SOFT,6.0,1,Australian Grand Prix,FP1,2026
GAS,Alpine,20.0,0 days 00:02:00.222000,0 days 00:00:46.557000,0 days 00:00:25.794000,0 days 00:00:47.871000,3.0,SOFT,7.0,1,Australian Grand Prix,FP1,2026
GAS,Alpine,21.0,0 days 00:01:42.365000,0 days 00:00:29.308000,0 days 00:00:18.109000,0 days 00:00:54.948000,3.0,SOFT,8.0,126,Australian Grand Prix,FP1,2026
GAS,Alpine,22.0,0 days 00:02:04.763000,0 days 00:00:41.318000,0 days 00:00:26.365000,0 days 00:00:57.080000,3.0,SOFT,9.0,67,Australian Grand Prix,FP1,2026
GAS,Alpine,23.0,0 days 00:01:54.319000,0 days 00:00:40.498000,0 days 00:00:26.335000,0 days 00:00:47.486000,3.0,SOFT,10.0,71,Australian Grand Prix,FP1,2026
GAS,Alpine,24.0,0 days 00:01:24.271000,0 days 00:00:29.577000,0 days 00:00:18.452000,0 days 00:00:36.242000,3.0,SOFT,11.0,1,Australian Grand Prix,FP1,2026
GAS,Alpine,25.0,0 days 00:01:58.898000,0 days 00:00:44.031000,0 days 00:00:27.122000,0 days 00:00:47.745000,3.0,SOFT,12.0,1,Australian Grand Prix,FP1,2026
GAS,Alpine,26.0,0 days 00:01:24.035000,0 days 00:00:28.982000,0 days 00:00:18.597000,0 days 00:00:36.456000,3.0,SOFT,13.0,1,Australian Grand Prix,FP1,2026
GAS,Alpine,27.0,,0 days 00:00:42.343000,0 days 00:00:30.441000,,3.0,SOFT,14.0,1,Australian Grand Prix,FP1,2026
PER,Cadillac,1.0,0 days 00:02:08.844000,0 days 00:00:47.838000,0 days 00:00:24.897000,0 days 00:00:56.109000,1.0,MEDIUM,1.0,71,Australian Grand Prix,FP1,2026
PER,Cadillac,2.0,0 days 00:01:30.437000,0 days 00:00:32.908000,0 days 00:00:18.694000,0 days 00:00:38.835000,1.0,MEDIUM,2.0,1,Australian Grand Prix,FP1,2026
PER,Cadillac,3.0,0 days 00:01:59.128000,0 days 00:00:44.395000,0 days 00:00:25.572000,0 days 00:00:49.161000,1.0,MEDIUM,3.0,1,Australian Grand Prix,FP1,2026
PER,Cadillac,4.0,0 days 00:01:27.407000,0 days 00:00:31.222000,0 days 00:00:18.409000,0 days 00:00:37.776000,1.0,MEDIUM,4.0,1,Australian Grand Prix,FP1,2026
PER,Cadillac,5.0,,0 days 00:00:49.088000,0 days 00:00:22.916000,,1.0,MEDIUM,5.0,1,Australian Grand Prix,FP1,2026
PER,Cadillac,6.0,0 days 00:01:47.583000,0 days 00:00:40.008000,0 days 00:00:20.692000,0 days 00:00:46.883000,2.0,MEDIUM,6.0,1,Australian Grand Prix,FP1,2026
PER,Cadillac,7.0,0 days 00:01:26.132000,0 days 00:00:30.245000,0 days 00:00:18.912000,0 days 00:00:36.975000,2.0,MEDIUM,7.0,1,Australian Grand Prix,FP1,2026
PER,Cadillac,8.0,,0 days 00:00:42.089000,0 days 00:00:21.890000,,2.0,MEDIUM,8.0,1,Australian Grand Prix,FP1,2026
PER,Cadillac,9.0,0 days 00:01:44.190000,0 days 00:00:40.570000,0 days 00:00:20.735000,0 days 00:00:42.885000,3.0,SOFT,1.0,1,Australian Grand Prix,FP1,2026
PER,Cadillac,10.0,0 days 00:01:24.620000,0 days 00:00:29.655000,0 days 00:00:18.329000,0 days 00:00:36.636000,3.0,SOFT,2.0,1,Australian Grand Prix,FP1,2026
PER,Cadillac,11.0,0 days 00:01:54.585000,0 days 00:00:39.846000,0 days 00:00:26.066000,0 days 00:00:48.673000,3.0,SOFT,3.0,12,Australian Grand Prix,FP1,2026
PER,Cadillac,12.0,0 days 00:02:16.984000,0 days 00:00:42.271000,0 days 00:00:27.743000,0 days 00:01:06.970000,3.0,SOFT,4.0,26,Australian Grand Prix,FP1,2026
PER,Cadillac,13.0,0 days 00:02:07.152000,0 days 00:00:59.624000,0 days 00:00:22.640000,0 days 00:00:44.888000,4.0,SOFT,5.0,671,Australian Grand Prix,FP1,2026
PER,Cadillac,14.0,,0 days 00:00:44.381000,0 days 00:00:27.582000,,4.0,SOFT,6.0,1,Australian Grand Prix,FP1,2026
ANT,Mercedes,1.0,,,0 days 00:00:22.790000,0 days 00:01:11.116000,1.0,MEDIUM,1.0,126,Australian Grand Prix,FP1,2026
ANT,Mercedes,2.0,0 days 00:02:03.516000,0 days 00:00:50.749000,0 days 00:00:21.172000,0 days 00:00:51.595000,2.0,MEDIUM,2.0,671,Australian Grand Prix,FP1,2026
ANT,Mercedes,3.0,0 days 00:01:24.363000,0 days 00:00:29.885000,0 days 00:00:18.270000,0 days 00:00:36.208000,2.0,MEDIUM,3.0,1,Australian Grand Prix,FP1,2026
ANT,Mercedes,4.0,0 days 00:01:51.050000,0 days 00:00:41.080000,0 days 00:00:26.408000,0 days 00:00:43.562000,2.0,MEDIUM,4.0,1,Australian Grand Prix,FP1,2026
ANT,Mercedes,5.0,0 days 00:01:22.812000,0 days 00:00:29.042000,0 days 00:00:18.425000,0 days 00:00:35.345000,2.0,MEDIUM,5.0,1,Australian Grand Prix,FP1,2026
ANT,Mercedes,6.0,0 days 00:02:03.070000,0 days 00:00:45.264000,0 days 00:00:31.021000,0 days 00:00:46.785000,2.0,MEDIUM,6.0,1,Australian Grand Prix,FP1,2026
ANT,Mercedes,7.0,0 days 00:01:22.495000,0 days 00:00:28.996000,0 days 00:00:18.059000,0 days 00:00:35.440000,2.0,MEDIUM,7.0,1,Australian Grand Prix,FP1,2026
ANT,Mercedes,8.0,0 days 00:02:18.477000,0 days 00:01:08.418000,0 days 00:00:23.429000,0 days 00:00:46.630000,2.0,MEDIUM,8.0,1,Australian Grand Prix,FP1,2026
ANT,Mercedes,9.0,0 days 00:01:52.701000,0 days 00:00:37.455000,0 days 00:00:23.537000,0 days 00:00:51.709000,2.0,MEDIUM,9.0,1,Australian Grand Prix,FP1,2026
ANT,Mercedes,10.0,,0 days 00:01:33.603000,0 days 00:00:20.153000,,3.0,MEDIUM,10.0,1,Australian Grand Prix,FP1,2026
ANT,Mercedes,11.0,0 days 00:01:53.635000,0 days 00:00:49.236000,0 days 00:00:21.289000,0 days 00:00:43.110000,4.0,SOFT,1.0,1,Australian Grand Prix,FP1,2026
ANT,Mercedes,12.0,0 days 00:01:46.772000,0 days 00:00:40.598000,0 days 00:00:23.113000,0 days 00:00:43.061000,4.0,SOFT,2.0,1,Australian Grand Prix,FP1,2026
ANT,Mercedes,13.0,0 days 00:01:21.376000,0 days 00:00:28.490000,0 days 00:00:17.976000,0 days 00:00:34.910000,4.0,SOFT,3.0,1,Australian Grand Prix,FP1,2026
ANT,Mercedes,14.0,,0 days 00:00:36.801000,0 days 00:00:23.662000,,4.0,SOFT,4.0,1,Australian Grand Prix,FP1,2026
ANT,Mercedes,15.0,0 days 00:02:18.506000,0 days 00:01:13.743000,0 days 00:00:18.673000,0 days 00:00:46.090000,5.0,MEDIUM,11.0,126,Australian Grand Prix,FP1,2026
ANT,Mercedes,16.0,0 days 00:02:06.245000,0 days 00:00:42.493000,0 days 00:00:26.892000,0 days 00:00:56.860000,5.0,MEDIUM,12.0,6,Australian Grand Prix,FP1,2026
ANT,Mercedes,17.0,0 days 00:01:31.368000,0 days 00:00:34.929000,0 days 00:00:19.110000,0 days 00:00:37.329000,5.0,MEDIUM,13.0,671,Australian Grand Prix,FP1,2026
ANT,Mercedes,18.0,0 days 00:01:24.991000,0 days 00:00:29.707000,0 days 00:00:18.703000,0 days 00:00:36.581000,5.0,MEDIUM,14.0,1,Australian Grand Prix,FP1,2026
ANT,Mercedes,19.0,0 days 00:01:24.301000,0 days 00:00:29.615000,0 days 00:00:18.413000,0 days 00:00:36.273000,5.0,MEDIUM,15.0,1,Australian Grand Prix,FP1,2026
ANT,Mercedes,20.0,0 days 00:01:24.181000,0 days 00:00:29.284000,0 days 00:00:18.647000,0 days 00:00:36.250000,5.0,MEDIUM,16.0,1,Australian Grand Prix,FP1,2026
ANT,Mercedes,21.0,0 days 00:01:47.880000,0 days 00:00:29.245000,0 days 00:00:18.352000,0 days 00:01:00.283000,5.0,MEDIUM,17.0,1,Australian Grand Prix,FP1,2026
ANT,Mercedes,22.0,0 days 00:02:25.106000,0 days 00:01:27.934000,0 days 00:00:20.701000,0 days 00:00:36.471000,6.0,SOFT,5.0,1,Australian Grand Prix,FP1,2026
ANT,Mercedes,23.0,,0 days 00:00:39.888000,0 days 00:00:23.170000,,6.0,SOFT,6.0,1,Australian Grand Prix,FP1,2026
ANT,Mercedes,24.0,,0 days 00:00:36.562000,0 days 00:00:21.204000,,6.0,SOFT,7.0,1,Australian Grand Prix,FP1,2026
LEC,Ferrari,1.0,0 days 00:02:11.323000,0 days 00:01:05.432000,0 days 00:00:21.905000,0 days 00:00:43.986000,1.0,MEDIUM,1.0,12,Australian Grand Prix,FP1,2026
LEC,Ferrari,2.0,0 days 00:02:12.770000,0 days 00:00:31.973000,0 days 00:00:30.634000,0 days 00:01:10.163000,1.0,MEDIUM,2.0,2671,Australian Grand Prix,FP1,2026
LEC,Ferrari,3.0,0 days 00:01:31.362000,0 days 00:00:31.390000,0 days 00:00:19.571000,0 days 00:00:40.401000,1.0,MEDIUM,3.0,1,Australian Grand Prix,FP1,2026
LEC,Ferrari,4.0,0 days 00:01:24.176000,0 days 00:00:29.548000,0 days 00:00:18.134000,0 days 00:00:36.494000,1.0,MEDIUM,4.0,1,Australian Grand Prix,FP1,2026
LEC,Ferrari,5.0,0 days 00:01:49.737000,0 days 00:00:36.682000,0 days 00:00:21.376000,0 days 00:00:51.679000,1.0,MEDIUM,5.0,1,Australian Grand Prix,FP1,2026
LEC,Ferrari,6.0,0 days 00:01:22.322000,0 days 00:00:28.993000,0 days 00:00:17.919000,0 days 00:00:35.410000,1.0,MEDIUM,6.0,1,Australian Grand Prix,FP1,2026
LEC,Ferrari,7.0,0 days 00:01:55.578000,0 days 00:00:38.889000,0 days 00:00:27.682000,0 days 00:00:49.007000,1.0,MEDIUM,7.0,1,Australian Grand Prix,FP1,2026
LEC,Ferrari,8.0,0 days 00:01:22.080000,0 days 00:00:28.793000,0 days 00:00:17.819000,0 days 00:00:35.468000,1.0,MEDIUM,8.0,1,Australian Grand Prix,FP1,2026
LEC,Ferrari,9.0,0 days 00:01:41.914000,0 days 00:00:39.078000,0 days 00:00:20.755000,0 days 00:00:42.081000,1.0,MEDIUM,9.0,1,Australian Grand Prix,FP1,2026
LEC,Ferrari,10.0,0 days 00:01:21.635000,0 days 00:00:28.346000,0 days 00:00:17.985000,0 days 00:00:35.304000,1.0,MEDIUM,10.0,1,Australian Grand Prix,FP1,2026
LEC,Ferrari,11.0,0 days 00:01:52.299000,0 days 00:00:37.376000,0 days 00:00:21.492000,0 days 00:00:53.431000,1.0,MEDIUM,11.0,1,Australian Grand Prix,FP1,2026
LEC,Ferrari,12.0,0 days 00:01:39.296000,0 days 00:00:30.038000,0 days 00:00:19.985000,0 days 00:00:49.273000,1.0,MEDIUM,12.0,1,Australian Grand Prix,FP1,2026
LEC,Ferrari,13.0,0 days 00:01:42.789000,0 days 00:00:29.925000,0 days 00:00:20.963000,0 days 00:00:51.901000,1.0,MEDIUM,13.0,1,Australian Grand Prix,FP1,2026
LEC,Ferrari,14.0,0 days 00:01:21.227000,0 days 00:00:28.512000,0 days 00:00:17.632000,0 days 00:00:35.083000,1.0,MEDIUM,14.0,1,Australian Grand Prix,FP1,2026
LEC,Ferrari,15.0,0 days 00:01:44.560000,0 days 00:00:34.854000,0 days 00:00:24.110000,0 days 00:00:45.596000,1.0,MEDIUM,15.0,1,Australian Grand Prix,FP1,2026
LEC,Ferrari,16.0,,0 days 00:00:28.453000,0 days 00:00:18.199000,,1.0,MEDIUM,16.0,1,Australian Grand Prix,FP1,2026
LEC,Ferrari,17.0,0 days 00:01:47.887000,0 days 00:00:46.848000,0 days 00:00:20.147000,0 days 00:00:40.892000,2.0,SOFT,1.0,1,Australian Grand Prix,FP1,2026
LEC,Ferrari,18.0,0 days 00:01:20.829000,0 days 00:00:28.375000,0 days 00:00:17.627000,0 days 00:00:34.827000,2.0,SOFT,2.0,1,Australian Grand Prix,FP1,2026
LEC,Ferrari,19.0,0 days 00:02:05.205000,0 days 00:00:37.522000,0 days 00:00:22.031000,0 days 00:01:05.652000,2.0,SOFT,3.0,1,Australian Grand Prix,FP1,2026
LEC,Ferrari,20.0,0 days 00:02:22.251000,0 days 00:01:03.689000,0 days 00:00:19.824000,0 days 00:00:58.738000,3.0,SOFT,4.0,1,Australian Grand Prix,FP1,2026
LEC,Ferrari,21.0,0 days 00:01:38.037000,0 days 00:00:32.250000,0 days 00:00:20.154000,0 days 00:00:45.633000,3.0,SOFT,5.0,1,Australian Grand Prix,FP1,2026
LEC,Ferrari,22.0,0 days 00:01:20.960000,0 days 00:00:28.278000,0 days 00:00:17.749000,0 days 00:00:34.933000,3.0,SOFT,6.0,1,Australian Grand Prix,FP1,2026
LEC,Ferrari,23.0,0 days 00:01:48.032000,0 days 00:00:37.474000,0 days 00:00:27.147000,0 days 00:00:43.411000,3.0,SOFT,7.0,1,Australian Grand Prix,FP1,2026
LEC,Ferrari,24.0,0 days 00:01:49.995000,0 days 00:00:28.989000,0 days 00:00:22.244000,0 days 00:00:58.762000,3.0,SOFT,8.0,126,Australian Grand Prix,FP1,2026
LEC,Ferrari,25.0,,0 days 00:01:13.226000,0 days 00:00:23.774000,0 days 00:00:55.880000,4.0,SOFT,9.0,671,Australian Grand Prix,FP1,2026
LEC,Ferrari,26.0,0 days 00:01:33.586000,0 days 00:00:28.937000,0 days 00:00:19.961000,0 days 00:00:44.688000,4.0,SOFT,10.0,1,Australian Grand Prix,FP1,2026
LEC,Ferrari,27.0,0 days 00:01:22.452000,0 days 00:00:28.403000,0 days 00:00:17.518000,0 days 00:00:36.531000,4.0,SOFT,11.0,1,Australian Grand Prix,FP1,2026
LEC,Ferrari,28.0,0 days 00:01:43.175000,0 days 00:00:32.869000,0 days 00:00:20.504000,0 days 00:00:49.802000,4.0,SOFT,12.0,1,Australian Grand Prix,FP1,2026
LEC,Ferrari,29.0,0 days 00:01:34.189000,0 days 00:00:30.964000,0 days 00:00:20.511000,0 days 00:00:42.714000,4.0,SOFT,13.0,1,Australian Grand Prix,FP1,2026
LEC,Ferrari,30.0,0 days 00:01:20.267000,0 days 00:00:28.205000,0 days 00:00:17.472000,0 days 00:00:34.590000,4.0,SOFT,14.0,1,Australian Grand Prix,FP1,2026
LEC,Ferrari,31.0,0 days 00:01:52.678000,0 days 00:00:33.308000,0 days 00:00:27.409000,0 days 00:00:51.961000,4.0,SOFT,15.0,1,Australian Grand Prix,FP1,2026
LEC,Ferrari,32.0,,0 days 00:00:40.573000,0 days 00:00:26.877000,,4.0,SOFT,16.0,1,Australian Grand Prix,FP1,2026
LEC,Ferrari,33.0,,0 days 00:00:34.306000,0 days 00:00:21.827000,,4.0,SOFT,17.0,1,Australian Grand Prix,FP1,2026
STR,Aston Martin,1.0,,0 days 00:01:16.843000,0 days 00:00:23.748000,0 days 00:00:58.539000,1.0,HARD,1.0,126,Australian Grand Prix,FP1,2026
STR,Aston Martin,2.0,0 days 00:01:50.334000,0 days 00:00:41.721000,0 days 00:00:22.777000,0 days 00:00:45.836000,1.0,HARD,2.0,671,Australian Grand Prix,FP1,2026
STR,Aston Martin,3.0,,0 days 00:00:34.022000,0 days 00:00:20.454000,,1.0,HARD,3.0,1,Australian Grand Prix,FP1,2026
ALB,Williams,1.0,0 days 00:02:27.461000,0 days 00:01:17.782000,0 days 00:00:24.500000,0 days 00:00:45.179000,1.0,MEDIUM,1.0,12,Australian Grand Prix,FP1,2026
ALB,Williams,2.0,0 days 00:02:10.215000,0 days 00:00:42.425000,0 days 00:00:25.848000,0 days 00:01:01.942000,1.0,MEDIUM,2.0,2671,Australian Grand Prix,FP1,2026
ALB,Williams,3.0,0 days 00:02:04.080000,0 days 00:00:51.681000,0 days 00:00:24.877000,0 days 00:00:47.522000,1.0,MEDIUM,3.0,1,Australian Grand Prix,FP1,2026
ALB,Williams,4.0,0 days 00:01:29.230000,0 days 00:00:31.069000,0 days 00:00:20.362000,0 days 00:00:37.799000,1.0,MEDIUM,4.0,1,Australian Grand Prix,FP1,2026
ALB,Williams,5.0,0 days 00:01:27.316000,0 days 00:00:30.119000,0 days 00:00:20.047000,0 days 00:00:37.150000,1.0,MEDIUM,5.0,1,Australian Grand Prix,FP1,2026
ALB,Williams,6.0,0 days 00:01:46.084000,0 days 00:00:34.418000,0 days 00:00:25.966000,0 days 00:00:45.700000,1.0,MEDIUM,6.0,1,Australian Grand Prix,FP1,2026
ALB,Williams,7.0,0 days 00:01:24.436000,0 days 00:00:29.959000,0 days 00:00:18.225000,0 days 00:00:36.252000,1.0,MEDIUM,7.0,1,Australian Grand Prix,FP1,2026
ALB,Williams,8.0,0 days 00:01:52.123000,0 days 00:00:39.727000,0 days 00:00:27.892000,0 days 00:00:44.504000,1.0,MEDIUM,8.0,1,Australian Grand Prix,FP1,2026
ALB,Williams,9.0,0 days 00:01:25.063000,0 days 00:00:30.037000,0 days 00:00:18.301000,0 days 00:00:36.725000,1.0,MEDIUM,9.0,1,Australian Grand Prix,FP1,2026
ALB,Williams,10.0,0 days 00:02:01.340000,0 days 00:00:47.579000,0 days 00:00:29.047000,0 days 00:00:44.714000,1.0,MEDIUM,10.0,1,Australian Grand Prix,FP1,2026
ALB,Williams,11.0,0 days 00:01:24.243000,0 days 00:00:29.761000,0 days 00:00:18.469000,0 days 00:00:36.013000,1.0,MEDIUM,11.0,1,Australian Grand Prix,FP1,2026
ALB,Williams,12.0,0 days 00:01:54.321000,0 days 00:00:42.375000,0 days 00:00:28.499000,0 days 00:00:43.447000,1.0,MEDIUM,12.0,1,Australian Grand Prix,FP1,2026
ALB,Williams,13.0,0 days 00:01:23.670000,0 days 00:00:29.408000,0 days 00:00:18.178000,0 days 00:00:36.084000,1.0,MEDIUM,13.0,1,Australian Grand Prix,FP1,2026
ALB,Williams,14.0,0 days 00:01:49.973000,0 days 00:00:42.659000,0 days 00:00:25.302000,0 days 00:00:42.012000,1.0,MEDIUM,14.0,1,Australian Grand Prix,FP1,2026
ALB,Williams,15.0,0 days 00:01:23.144000,0 days 00:00:29.126000,0 days 00:00:18.308000,0 days 00:00:35.710000,1.0,MEDIUM,15.0,1,Australian Grand Prix,FP1,2026
ALB,Williams,16.0,0 days 00:01:53.206000,0 days 00:00:38.842000,0 days 00:00:28.913000,0 days 00:00:45.451000,1.0,MEDIUM,16.0,1,Australian Grand Prix,FP1,2026
ALB,Williams,17.0,0 days 00:01:23.663000,0 days 00:00:29.561000,0 days 00:00:18.280000,0 days 00:00:35.822000,1.0,MEDIUM,17.0,1,Australian Grand Prix,FP1,2026
ALB,Williams,18.0,,0 days 00:00:34.149000,0 days 00:00:25.695000,,1.0,MEDIUM,18.0,1,Australian Grand Prix,FP1,2026
ALB,Williams,19.0,0 days 00:01:46.161000,0 days 00:00:41.632000,0 days 00:00:21.681000,0 days 00:00:42.848000,2.0,SOFT,1.0,1,Australian Grand Prix,FP1,2026
ALB,Williams,20.0,0 days 00:01:23.130000,0 days 00:00:29.116000,0 days 00:00:18.373000,0 days 00:00:35.641000,2.0,SOFT,2.0,1,Australian Grand Prix,FP1,2026
ALB,Williams,21.0,0 days 00:01:57.874000,0 days 00:00:50.515000,0 days 00:00:22.342000,0 days 00:00:45.017000,2.0,SOFT,3.0,1,Australian Grand Prix,FP1,2026
ALB,Williams,22.0,0 days 00:01:43.661000,0 days 00:00:29.270000,0 days 00:00:23.961000,0 days 00:00:50.430000,2.0,SOFT,4.0,1,Australian Grand Prix,FP1,2026
ALB,Williams,23.0,0 days 00:01:44.671000,0 days 00:00:34.610000,0 days 00:00:21.336000,0 days 00:00:48.725000,2.0,SOFT,5.0,1,Australian Grand Prix,FP1,2026
ALB,Williams,24.0,,0 days 00:00:29.094000,0 days 00:00:25.103000,,2.0,SOFT,6.0,1267,Australian Grand Prix,FP1,2026
HUL,Audi,1.0,,,0 days 00:00:24.754000,0 days 00:00:45.670000,1.0,MEDIUM,1.0,1,Australian Grand Prix,FP1,2026
HUL,Audi,2.0,,0 days 00:00:37.025000,0 days 00:00:23.850000,,1.0,MEDIUM,2.0,1267,Australian Grand Prix,FP1,2026
HUL,Audi,3.0,0 days 00:01:56.443000,0 days 00:00:54.584000,0 days 00:00:20.656000,0 days 00:00:41.203000,2.0,MEDIUM,3.0,1,Australian Grand Prix,FP1,2026
HUL,Audi,4.0,0 days 00:01:25.935000,0 days 00:00:30.553000,0 days 00:00:18.444000,0 days 00:00:36.938000,2.0,MEDIUM,4.0,1,Australian Grand Prix,FP1,2026
HUL,Audi,5.0,0 days 00:01:50.302000,0 days 00:00:40.611000,0 days 00:00:27.730000,0 days 00:00:41.961000,2.0,MEDIUM,5.0,1,Australian Grand Prix,FP1,2026
HUL,Audi,6.0,0 days 00:01:23.555000,0 days 00:00:29.440000,0 days 00:00:18.134000,0 days 00:00:35.981000,2.0,MEDIUM,6.0,1,Australian Grand Prix,FP1,2026
HUL,Audi,7.0,0 days 00:02:07.205000,0 days 00:00:41.554000,0 days 00:00:32.505000,0 days 00:00:53.146000,2.0,MEDIUM,7.0,1,Australian Grand Prix,FP1,2026
HUL,Audi,8.0,0 days 00:01:40.144000,0 days 00:00:34.604000,0 days 00:00:21.347000,0 days 00:00:44.193000,2.0,MEDIUM,8.0,1,Australian Grand Prix,FP1,2026
HUL,Audi,9.0,0 days 00:01:23.014000,0 days 00:00:28.845000,0 days 00:00:18.508000,0 days 00:00:35.661000,2.0,MEDIUM,9.0,1,Australian Grand Prix,FP1,2026
HUL,Audi,10.0,,0 days 00:00:33.149000,0 days 00:00:19.029000,,2.0,MEDIUM,10.0,1,Australian Grand Prix,FP1,2026
HUL,Audi,11.0,0 days 00:01:43.624000,0 days 00:00:39.945000,0 days 00:00:20.022000,0 days 00:00:43.657000,3.0,SOFT,1.0,1,Australian Grand Prix,FP1,2026
HUL,Audi,12.0,0 days 00:01:22.462000,0 days 00:00:29.101000,0 days 00:00:17.972000,0 days 00:00:35.389000,3.0,SOFT,2.0,1,Australian Grand Prix,FP1,2026
HUL,Audi,13.0,0 days 00:01:52.777000,0 days 00:00:41.233000,0 days 00:00:27.077000,0 days 00:00:44.467000,3.0,SOFT,3.0,1,Australian Grand Prix,FP1,2026
HUL,Audi,14.0,0 days 00:01:21.969000,0 days 00:00:28.902000,0 days 00:00:17.972000,0 days 00:00:35.095000,3.0,SOFT,4.0,1,Australian Grand Prix,FP1,2026
HUL,Audi,15.0,,0 days 00:00:37.135000,0 days 00:00:19.624000,,3.0,SOFT,5.0,1267,Australian Grand Prix,FP1,2026
HUL,Audi,16.0,0 days 00:02:12.970000,0 days 00:01:00.578000,0 days 00:00:21.242000,0 days 00:00:51.150000,4.0,SOFT,6.0,1,Australian Grand Prix,FP1,2026
HUL,Audi,17.0,0 days 00:02:02.555000,0 days 00:00:51.608000,0 days 00:00:20.627000,0 days 00:00:50.320000,5.0,SOFT,7.0,1,Australian Grand Prix,FP1,2026
HUL,Audi,18.0,0 days 00:02:04.698000,0 days 00:00:52.958000,0 days 00:00:20.758000,0 days 00:00:50.982000,6.0,SOFT,8.0,1,Australian Grand Prix,FP1,2026
HUL,Audi,19.0,0 days 00:01:53.475000,0 days 00:00:54.064000,0 days 00:00:20.822000,0 days 00:00:38.589000,7.0,SOFT,9.0,1,Australian Grand Prix,FP1,2026
HUL,Audi,20.0,,0 days 00:00:37.247000,0 days 00:00:27.976000,,7.0,SOFT,10.0,1,Australian Grand Prix,FP1,2026
HUL,Audi,21.0,,0 days 00:00:39.473000,0 days 00:00:20.657000,,7.0,SOFT,11.0,1,Australian Grand Prix,FP1,2026
LAW,Racing Bulls,1.0,0 days 00:02:10.079000,0 days 00:01:03.449000,0 days 00:00:22.685000,0 days 00:00:43.945000,1.0,MEDIUM,1.0,12,Australian Grand Prix,FP1,2026
LAW,Racing Bulls,2.0,0 days 00:01:58.730000,0 days 00:00:31.419000,0 days 00:00:26.608000,0 days 00:01:00.703000,1.0,MEDIUM,2.0,267,Australian Grand Prix,FP1,2026
LAW,Racing Bulls,3.0,0 days 00:01:49.192000,0 days 00:00:37.373000,0 days 00:00:22.020000,0 days 00:00:49.799000,1.0,MEDIUM,3.0,71,Australian Grand Prix,FP1,2026
LAW,Racing Bulls,4.0,0 days 00:01:25.538000,0 days 00:00:30.394000,0 days 00:00:18.380000,0 days 00:00:36.764000,1.0,MEDIUM,4.0,1,Australian Grand Prix,FP1,2026
LAW,Racing Bulls,5.0,0 days 00:01:57.045000,0 days 00:00:36.938000,0 days 00:00:25.308000,0 days 00:00:54.799000,1.0,MEDIUM,5.0,1,Australian Grand Prix,FP1,2026
LAW,Racing Bulls,6.0,0 days 00:01:23.993000,0 days 00:00:29.721000,0 days 00:00:18.185000,0 days 00:00:36.087000,1.0,MEDIUM,6.0,1,Australian Grand Prix,FP1,2026
LAW,Racing Bulls,7.0,0 days 00:02:00.628000,0 days 00:00:36.886000,0 days 00:00:29.056000,0 days 00:00:54.686000,1.0,MEDIUM,7.0,1,Australian Grand Prix,FP1,2026
LAW,Racing Bulls,8.0,0 days 00:01:23.153000,0 days 00:00:29.371000,0 days 00:00:18.026000,0 days 00:00:35.756000,1.0,MEDIUM,8.0,1,Australian Grand Prix,FP1,2026
LAW,Racing Bulls,9.0,0 days 00:02:05.710000,0 days 00:00:40.568000,0 days 00:00:30.473000,0 days 00:00:54.669000,1.0,MEDIUM,9.0,1,Australian Grand Prix,FP1,2026
LAW,Racing Bulls,10.0,0 days 00:01:23.495000,0 days 00:00:29.391000,0 days 00:00:18.147000,0 days 00:00:35.957000,1.0,MEDIUM,10.0,1,Australian Grand Prix,FP1,2026
LAW,Racing Bulls,11.0,0 days 00:01:50.713000,0 days 00:00:35.486000,0 days 00:00:26.950000,0 days 00:00:48.277000,1.0,MEDIUM,11.0,1,Australian Grand Prix,FP1,2026
LAW,Racing Bulls,12.0,0 days 00:01:22.613000,0 days 00:00:29.136000,0 days 00:00:18.008000,0 days 00:00:35.469000,1.0,MEDIUM,12.0,1,Australian Grand Prix,FP1,2026
LAW,Racing Bulls,13.0,,0 days 00:00:34.758000,0 days 00:00:21.482000,,1.0,MEDIUM,13.0,1,Australian Grand Prix,FP1,2026
LAW,Racing Bulls,14.0,0 days 00:01:56.947000,0 days 00:00:59.697000,0 days 00:00:18.863000,0 days 00:00:38.387000,2.0,MEDIUM,14.0,1,Australian Grand Prix,FP1,2026
LAW,Racing Bulls,15.0,0 days 00:01:27.439000,0 days 00:00:30.823000,0 days 00:00:19.034000,0 days 00:00:37.582000,2.0,MEDIUM,15.0,1,Australian Grand Prix,FP1,2026
LAW,Racing Bulls,16.0,0 days 00:01:26.563000,0 days 00:00:30.545000,0 days 00:00:18.673000,0 days 00:00:37.345000,2.0,MEDIUM,16.0,1,Australian Grand Prix,FP1,2026
LAW,Racing Bulls,17.0,0 days 00:01:26.088000,0 days 00:00:30.131000,0 days 00:00:18.633000,0 days 00:00:37.324000,2.0,MEDIUM,17.0,1,Australian Grand Prix,FP1,2026
LAW,Racing Bulls,18.0,0 days 00:01:26.168000,0 days 00:00:30.222000,0 days 00:00:18.665000,0 days 00:00:37.281000,2.0,MEDIUM,18.0,1,Australian Grand Prix,FP1,2026
LAW,Racing Bulls,19.0,0 days 00:01:27.134000,0 days 00:00:30.304000,0 days 00:00:18.655000,0 days 00:00:38.175000,2.0,MEDIUM,19.0,1,Australian Grand Prix,FP1,2026
LAW,Racing Bulls,20.0,0 days 00:01:27.067000,0 days 00:00:30.677000,0 days 00:00:18.599000,0 days 00:00:37.791000,2.0,MEDIUM,20.0,1,Australian Grand Prix,FP1,2026
LAW,Racing Bulls,21.0,,0 days 00:00:35.573000,0 days 00:00:24.025000,,2.0,MEDIUM,21.0,1267,Australian Grand Prix,FP1,2026
LAW,Racing Bulls,22.0,0 days 00:01:51.428000,0 days 00:00:42.487000,0 days 00:00:20.529000,0 days 00:00:48.412000,3.0,SOFT,1.0,71,Australian Grand Prix,FP1,2026
LAW,Racing Bulls,23.0,0 days 00:01:29.789000,0 days 00:00:28.846000,0 days 00:00:18.223000,0 days 00:00:42.720000,3.0,SOFT,2.0,1,Australian Grand Prix,FP1,2026
LAW,Racing Bulls,24.0,0 days 00:02:04.074000,0 days 00:00:39.944000,0 days 00:00:34.301000,0 days 00:00:49.829000,3.0,SOFT,3.0,1,Australian Grand Prix,FP1,2026
LAW,Racing Bulls,25.0,0 days 00:01:51.430000,0 days 00:00:39.955000,0 days 00:00:24.294000,0 days 00:00:47.181000,3.0,SOFT,4.0,1,Australian Grand Prix,FP1,2026
LAW,Racing Bulls,26.0,0 days 00:01:39.002000,0 days 00:00:29.104000,0 days 00:00:18.326000,0 days 00:00:51.572000,3.0,SOFT,5.0,1,Australian Grand Prix,FP1,2026
LAW,Racing Bulls,27.0,,0 days 00:00:41.643000,0 days 00:00:26.461000,0 days 00:01:38.767000,3.0,SOFT,6.0,1,Australian Grand Prix,FP1,2026
LAW,Racing Bulls,28.0,,0 days 00:00:39.901000,0 days 00:00:28.752000,,3.0,SOFT,7.0,1,Australian Grand Prix,FP1,2026
OCO,Haas F1 Team,1.0,,,0 days 00:00:21.734000,0 days 00:00:49.355000,1.0,MEDIUM,1.0,1,Australian Grand Prix,FP1,2026
OCO,Haas F1 Team,2.0,0 days 00:01:34.589000,0 days 00:00:32.360000,0 days 00:00:18.687000,0 days 00:00:43.542000,1.0,MEDIUM,2.0,126,Australian Grand Prix,FP1,2026
OCO,Haas F1 Team,3.0,,0 days 00:00:43.393000,0 days 00:00:24.400000,,1.0,MEDIUM,3.0,671,Australian Grand Prix,FP1,2026
OCO,Haas F1 Team,4.0,0 days 00:01:49.051000,0 days 00:00:40.329000,0 days 00:00:20.712000,0 days 00:00:48.010000,2.0,MEDIUM,4.0,1,Australian Grand Prix,FP1,2026
OCO,Haas F1 Team,5.0,0 days 00:01:24.853000,0 days 00:00:29.789000,0 days 00:00:18.398000,0 days 00:00:36.666000,2.0,MEDIUM,5.0,1,Australian Grand Prix,FP1,2026
OCO,Haas F1 Team,6.0,0 days 00:01:50.360000,0 days 00:00:38.373000,0 days 00:00:26.946000,0 days 00:00:45.041000,2.0,MEDIUM,6.0,1,Australian Grand Prix,FP1,2026
OCO,Haas F1 Team,7.0,0 days 00:01:33.615000,0 days 00:00:29.528000,0 days 00:00:18.400000,0 days 00:00:45.687000,2.0,MEDIUM,7.0,1,Australian Grand Prix,FP1,2026
OCO,Haas F1 Team,8.0,0 days 00:01:45.270000,0 days 00:00:37.912000,0 days 00:00:23.245000,0 days 00:00:44.113000,2.0,MEDIUM,8.0,1,Australian Grand Prix,FP1,2026
OCO,Haas F1 Team,9.0,0 days 00:01:23.879000,0 days 00:00:29.395000,0 days 00:00:18.397000,0 days 00:00:36.087000,2.0,MEDIUM,9.0,1,Australian Grand Prix,FP1,2026
OCO,Haas F1 Team,10.0,0 days 00:01:52.521000,0 days 00:00:40.649000,0 days 00:00:24.398000,0 days 00:00:47.474000,2.0,MEDIUM,10.0,1,Australian Grand Prix,FP1,2026
OCO,Haas F1 Team,11.0,0 days 00:01:23.312000,0 days 00:00:29.042000,0 days 00:00:18.416000,0 days 00:00:35.854000,2.0,MEDIUM,11.0,1,Australian Grand Prix,FP1,2026
OCO,Haas F1 Team,12.0,0 days 00:01:53.563000,0 days 00:00:40.363000,0 days 00:00:22.655000,0 days 00:00:50.545000,2.0,MEDIUM,12.0,1,Australian Grand Prix,FP1,2026
OCO,Haas F1 Team,13.0,0 days 00:01:22.997000,0 days 00:00:28.963000,0 days 00:00:18.347000,0 days 00:00:35.687000,2.0,MEDIUM,13.0,1,Australian Grand Prix,FP1,2026
OCO,Haas F1 Team,14.0,0 days 00:01:49.974000,0 days 00:00:37.871000,0 days 00:00:24.156000,0 days 00:00:47.947000,2.0,MEDIUM,14.0,1,Australian Grand Prix,FP1,2026
OCO,Haas F1 Team,15.0,0 days 00:01:22.794000,0 days 00:00:28.894000,0 days 00:00:18.348000,0 days 00:00:35.552000,2.0,MEDIUM,15.0,1,Australian Grand Prix,FP1,2026
OCO,Haas F1 Team,16.0,0 days 00:01:47.420000,0 days 00:00:38.667000,0 days 00:00:25.555000,0 days 00:00:43.198000,2.0,MEDIUM,16.0,1,Australian Grand Prix,FP1,2026
OCO,Haas F1 Team,17.0,0 days 00:01:22.556000,0 days 00:00:28.789000,0 days 00:00:18.363000,0 days 00:00:35.404000,2.0,MEDIUM,17.0,1,Australian Grand Prix,FP1,2026
OCO,Haas F1 Team,18.0,,0 days 00:00:34.528000,0 days 00:00:24.334000,,2.0,MEDIUM,18.0,1,Australian Grand Prix,FP1,2026
OCO,Haas F1 Team,19.0,0 days 00:01:56.508000,0 days 00:00:40.770000,0 days 00:00:20.754000,0 days 00:00:54.984000,3.0,MEDIUM,19.0,1,Australian Grand Prix,FP1,2026
OCO,Haas F1 Team,20.0,0 days 00:01:23.711000,0 days 00:00:29.559000,0 days 00:00:18.181000,0 days 00:00:35.971000,3.0,MEDIUM,20.0,1,Australian Grand Prix,FP1,2026
OCO,Haas F1 Team,21.0,,0 days 00:00:33.600000,0 days 00:00:22.482000,,3.0,MEDIUM,21.0,1267,Australian Grand Prix,FP1,2026
OCO,Haas F1 Team,22.0,0 days 00:01:40.715000,0 days 00:00:39.076000,0 days 00:00:20.410000,0 days 00:00:41.229000,4.0,SOFT,1.0,1,Australian Grand Prix,FP1,2026
OCO,Haas F1 Team,23.0,0 days 00:01:22.248000,0 days 00:00:29.144000,0 days 00:00:17.709000,0 days 00:00:35.395000,4.0,SOFT,2.0,1,Australian Grand Prix,FP1,2026
OCO,Haas F1 Team,24.0,0 days 00:01:56.432000,0 days 00:00:44.382000,0 days 00:00:20.499000,0 days 00:00:51.551000,4.0,SOFT,3.0,1,Australian Grand Prix,FP1,2026
OCO,Haas F1 Team,25.0,0 days 00:02:13.626000,0 days 00:01:10.274000,0 days 00:00:21.125000,0 days 00:00:42.227000,5.0,SOFT,4.0,1,Australian Grand Prix,FP1,2026
OCO,Haas F1 Team,26.0,0 days 00:01:22.161000,0 days 00:00:29.123000,0 days 00:00:17.704000,0 days 00:00:35.334000,5.0,SOFT,5.0,1,Australian Grand Prix,FP1,2026
OCO,Haas F1 Team,27.0,,0 days 00:00:40.284000,0 days 00:00:26.324000,,5.0,SOFT,6.0,1,Australian Grand Prix,FP1,2026
OCO,Haas F1 Team,28.0,,0 days 00:00:30.985000,0 days 00:00:22.877000,,5.0,SOFT,7.0,1,Australian Grand Prix,FP1,2026
LIN,Racing Bulls,1.0,,,,,2.0,SOFT,1.0,1267,Australian Grand Prix,FP1,2026
LIN,Racing Bulls,2.0,0 days 00:02:00.536000,0 days 00:00:47.839000,0 days 00:00:22.114000,0 days 00:00:50.583000,2.0,SOFT,2.0,1,Australian Grand Prix,FP1,2026
LIN,Racing Bulls,3.0,0 days 00:01:26.804000,0 days 00:00:31.279000,0 days 00:00:18.609000,0 days 00:00:36.916000,2.0,SOFT,3.0,1,Australian Grand Prix,FP1,2026
LIN,Racing Bulls,4.0,0 days 00:01:43.810000,0 days 00:00:34.485000,0 days 00:00:22.419000,0 days 00:00:46.906000,2.0,SOFT,4.0,1,Australian Grand Prix,FP1,2026
LIN,Racing Bulls,5.0,0 days 00:01:24.823000,0 days 00:00:29.806000,0 days 00:00:18.327000,0 days 00:00:36.690000,2.0,SOFT,5.0,1,Australian Grand Prix,FP1,2026
LIN,Racing Bulls,6.0,0 days 00:01:43.364000,0 days 00:00:36.115000,0 days 00:00:22.616000,0 days 00:00:44.633000,2.0,SOFT,6.0,1,Australian Grand Prix,FP1,2026
LIN,Racing Bulls,7.0,0 days 00:01:23.667000,0 days 00:00:29.365000,0 days 00:00:18.482000,0 days 00:00:35.820000,2.0,SOFT,7.0,1,Australian Grand Prix,FP1,2026
LIN,Racing Bulls,8.0,0 days 00:01:47.892000,0 days 00:00:34.573000,0 days 00:00:22.017000,0 days 00:00:51.302000,2.0,SOFT,8.0,1,Australian Grand Prix,FP1,2026
LIN,Racing Bulls,9.0,0 days 00:01:22.799000,0 days 00:00:28.952000,0 days 00:00:18.356000,0 days 00:00:35.491000,2.0,SOFT,9.0,1,Australian Grand Prix,FP1,2026
LIN,Racing Bulls,10.0,0 days 00:01:46.416000,0 days 00:00:35.170000,0 days 00:00:21.978000,0 days 00:00:49.268000,2.0,SOFT,10.0,1,Australian Grand Prix,FP1,2026
LIN,Racing Bulls,11.0,0 days 00:01:22.587000,0 days 00:00:28.429000,0 days 00:00:18.594000,0 days 00:00:35.564000,2.0,SOFT,11.0,1,Australian Grand Prix,FP1,2026
LIN,Racing Bulls,12.0,,0 days 00:00:34.777000,0 days 00:00:22.145000,,2.0,SOFT,12.0,1,Australian Grand Prix,FP1,2026
LIN,Racing Bulls,13.0,0 days 00:01:45.191000,0 days 00:00:43.204000,0 days 00:00:21.035000,0 days 00:00:40.952000,2.0,SOFT,13.0,12,Australian Grand Prix,FP1,2026
LIN,Racing Bulls,14.0,0 days 00:01:57.486000,0 days 00:00:36.990000,0 days 00:00:26.244000,0 days 00:00:54.252000,2.0,SOFT,14.0,26,Australian Grand Prix,FP1,2026
LIN,Racing Bulls,15.0,0 days 00:01:53.069000,0 days 00:00:38.611000,0 days 00:00:33.015000,0 days 00:00:41.443000,2.0,SOFT,15.0,671,Australian Grand Prix,FP1,2026
LIN,Racing Bulls,16.0,0 days 00:01:39.943000,0 days 00:00:29.844000,0 days 00:00:19.729000,0 days 00:00:50.370000,2.0,SOFT,16.0,1,Australian Grand Prix,FP1,2026
LIN,Racing Bulls,17.0,0 days 00:01:21.372000,0 days 00:00:28.490000,0 days 00:00:17.639000,0 days 00:00:35.243000,2.0,SOFT,17.0,1,Australian Grand Prix,FP1,2026
LIN,Racing Bulls,18.0,0 days 00:01:54.326000,0 days 00:00:38.558000,0 days 00:00:29.263000,0 days 00:00:46.505000,2.0,SOFT,18.0,1,Australian Grand Prix,FP1,2026
LIN,Racing Bulls,19.0,0 days 00:01:21.313000,0 days 00:00:28.681000,0 days 00:00:17.444000,0 days 00:00:35.188000,2.0,SOFT,19.0,1,Australian Grand Prix,FP1,2026
LIN,Racing Bulls,20.0,0 days 00:01:47.309000,0 days 00:00:33.236000,0 days 00:00:23.616000,0 days 00:00:50.457000,2.0,SOFT,20.0,1,Australian Grand Prix,FP1,2026
LIN,Racing Bulls,21.0,,0 days 00:00:38.537000,0 days 00:00:23.484000,,2.0,SOFT,21.0,1,Australian Grand Prix,FP1,2026
LIN,Racing Bulls,22.0,,0 days 00:00:32.024000,0 days 00:00:25.259000,,2.0,SOFT,22.0,1,Australian Grand Prix,FP1,2026
COL,Alpine,1.0,0 days 00:02:05.448000,0 days 00:01:00.452000,0 days 00:00:21.483000,0 days 00:00:43.513000,1.0,MEDIUM,1.0,126,Australian Grand Prix,FP1,2026
COL,Alpine,2.0,0 days 00:01:56.228000,0 days 00:00:41.916000,0 days 00:00:25.436000,0 days 00:00:48.876000,1.0,MEDIUM,2.0,671,Australian Grand Prix,FP1,2026
COL,Alpine,3.0,0 days 00:01:27.466000,0 days 00:00:31.266000,0 days 00:00:18.365000,0 days 00:00:37.835000,1.0,MEDIUM,3.0,1,Australian Grand Prix,FP1,2026
COL,Alpine,4.0,0 days 00:01:50.894000,0 days 00:00:40.414000,0 days 00:00:23.580000,0 days 00:00:46.900000,1.0,MEDIUM,4.0,1,Australian Grand Prix,FP1,2026
COL,Alpine,5.0,0 days 00:01:25.819000,0 days 00:00:30.286000,0 days 00:00:18.835000,0 days 00:00:36.698000,1.0,MEDIUM,5.0,1,Australian Grand Prix,FP1,2026
COL,Alpine,6.0,,0 days 00:01:03.735000,0 days 00:00:24.859000,,1.0,MEDIUM,6.0,1,Australian Grand Prix,FP1,2026
COL,Alpine,7.0,0 days 00:01:43.487000,0 days 00:00:41.725000,0 days 00:00:18.682000,0 days 00:00:43.080000,2.0,MEDIUM,7.0,1,Australian Grand Prix,FP1,2026
COL,Alpine,8.0,0 days 00:01:25.654000,0 days 00:00:30.328000,0 days 00:00:18.290000,0 days 00:00:37.036000,2.0,MEDIUM,8.0,1,Australian Grand Prix,FP1,2026
COL,Alpine,9.0,0 days 00:01:27.890000,0 days 00:00:31.548000,0 days 00:00:18.484000,0 days 00:00:37.858000,2.0,MEDIUM,9.0,1,Australian Grand Prix,FP1,2026
COL,Alpine,10.0,0 days 00:01:24.446000,0 days 00:00:29.639000,0 days 00:00:18.184000,0 days 00:00:36.623000,2.0,MEDIUM,10.0,1,Australian Grand Prix,FP1,2026
COL,Alpine,11.0,,0 days 00:00:34.288000,0 days 00:00:19.396000,,2.0,MEDIUM,11.0,1,Australian Grand Prix,FP1,2026
COL,Alpine,12.0,0 days 00:02:07.810000,0 days 00:00:57.486000,0 days 00:00:23.435000,0 days 00:00:46.889000,3.0,SOFT,1.0,1,Australian Grand Prix,FP1,2026
COL,Alpine,13.0,0 days 00:01:44.900000,0 days 00:00:33.489000,0 days 00:00:19.949000,0 days 00:00:51.462000,3.0,SOFT,2.0,1,Australian Grand Prix,FP1,2026
COL,Alpine,14.0,0 days 00:01:25.491000,0 days 00:00:29.804000,0 days 00:00:19.143000,0 days 00:00:36.544000,3.0,SOFT,3.0,1,Australian Grand Prix,FP1,2026
COL,Alpine,15.0,0 days 00:02:01.695000,0 days 00:00:46.263000,0 days 00:00:30.246000,0 days 00:00:45.186000,3.0,SOFT,4.0,1,Australian Grand Prix,FP1,2026
COL,Alpine,16.0,0 days 00:01:23.325000,0 days 00:00:29.105000,0 days 00:00:18.160000,0 days 00:00:36.060000,3.0,SOFT,5.0,1,Australian Grand Prix,FP1,2026
COL,Alpine,17.0,0 days 00:02:20.362000,0 days 00:00:48.847000,0 days 00:00:38.734000,0 days 00:00:52.781000,3.0,SOFT,6.0,1,Australian Grand Prix,FP1,2026
COL,Alpine,18.0,,0 days 00:00:30.579000,0 days 00:00:25.005000,,3.0,SOFT,7.0,1267,Australian Grand Prix,FP1,2026
COL,Alpine,19.0,0 days 00:01:50.403000,0 days 00:00:43.192000,0 days 00:00:22.294000,0 days 00:00:44.917000,4.0,MEDIUM,12.0,1,Australian Grand Prix,FP1,2026
COL,Alpine,20.0,0 days 00:01:30.433000,0 days 00:00:32.135000,0 days 00:00:20.251000,0 days 00:00:38.047000,4.0,MEDIUM,13.0,1,Australian Grand Prix,FP1,2026
COL,Alpine,21.0,0 days 00:01:28.019000,0 days 00:00:30.768000,0 days 00:00:20.017000,0 days 00:00:37.234000,4.0,MEDIUM,14.0,1,Australian Grand Prix,FP1,2026
COL,Alpine,22.0,0 days 00:01:27.097000,0 days 00:00:30.251000,0 days 00:00:19.595000,0 days 00:00:37.251000,4.0,MEDIUM,15.0,1,Australian Grand Prix,FP1,2026
COL,Alpine,23.0,0 days 00:01:27.007000,0 days 00:00:30.319000,0 days 00:00:19.572000,0 days 00:00:37.116000,4.0,MEDIUM,16.0,1,Australian Grand Prix,FP1,2026
COL,Alpine,24.0,0 days 00:01:26.929000,0 days 00:00:30.276000,0 days 00:00:19.496000,0 days 00:00:37.157000,4.0,MEDIUM,17.0,1,Australian Grand Prix,FP1,2026
COL,Alpine,25.0,,0 days 00:00:34.210000,0 days 00:00:23.331000,,4.0,MEDIUM,18.0,1,Australian Grand Prix,FP1,2026
COL,Alpine,26.0,,0 days 00:00:32.175000,0 days 00:00:18.772000,,4.0,MEDIUM,19.0,1,Australian Grand Prix,FP1,2026
HAM,Ferrari,1.0,0 days 00:02:01.722000,0 days 00:00:56.747000,0 days 00:00:20.851000,0 days 00:00:44.124000,1.0,MEDIUM,1.0,12,Australian Grand Prix,FP1,2026
HAM,Ferrari,2.0,0 days 00:01:42.820000,0 days 00:00:29.969000,0 days 00:00:18.090000,0 days 00:00:54.761000,1.0,MEDIUM,2.0,26,Australian Grand Prix,FP1,2026
HAM,Ferrari,3.0,0 days 00:01:47.519000,0 days 00:00:42.566000,0 days 00:00:21.631000,0 days 00:00:43.322000,1.0,MEDIUM,3.0,671,Australian Grand Prix,FP1,2026
HAM,Ferrari,4.0,0 days 00:01:42.280000,0 days 00:00:31.552000,0 days 00:00:20.546000,0 days 00:00:50.182000,1.0,MEDIUM,4.0,1,Australian Grand Prix,FP1,2026
HAM,Ferrari,5.0,0 days 00:01:23.813000,0 days 00:00:29.243000,0 days 00:00:18.135000,0 days 00:00:36.435000,1.0,MEDIUM,5.0,1,Australian Grand Prix,FP1,2026
HAM,Ferrari,6.0,0 days 00:01:55.184000,0 days 00:00:46.741000,0 days 00:00:24.590000,0 days 00:00:43.853000,1.0,MEDIUM,6.0,1,Australian Grand Prix,FP1,2026
HAM,Ferrari,7.0,0 days 00:01:23.032000,0 days 00:00:29.270000,0 days 00:00:17.997000,0 days 00:00:35.765000,1.0,MEDIUM,7.0,1,Australian Grand Prix,FP1,2026
HAM,Ferrari,8.0,0 days 00:01:57.384000,0 days 00:00:48.774000,0 days 00:00:25.461000,0 days 00:00:43.149000,1.0,MEDIUM,8.0,1,Australian Grand Prix,FP1,2026
HAM,Ferrari,9.0,0 days 00:01:22.692000,0 days 00:00:28.936000,0 days 00:00:17.957000,0 days 00:00:35.799000,1.0,MEDIUM,9.0,1,Australian Grand Prix,FP1,2026
HAM,Ferrari,10.0,0 days 00:02:06.428000,0 days 00:00:48.558000,0 days 00:00:35.985000,0 days 00:00:41.885000,1.0,MEDIUM,10.0,1,Australian Grand Prix,FP1,2026
HAM,Ferrari,11.0,0 days 00:01:21.966000,0 days 00:00:28.825000,0 days 00:00:17.834000,0 days 00:00:35.307000,1.0,MEDIUM,11.0,1,Australian Grand Prix,FP1,2026
HAM,Ferrari,12.0,0 days 00:01:55.106000,0 days 00:00:45.002000,0 days 00:00:29.349000,0 days 00:00:40.755000,1.0,MEDIUM,12.0,1,Australian Grand Prix,FP1,2026
HAM,Ferrari,13.0,0 days 00:01:21.698000,0 days 00:00:28.646000,0 days 00:00:17.642000,0 days 00:00:35.410000,1.0,MEDIUM,13.0,1,Australian Grand Prix,FP1,2026
HAM,Ferrari,14.0,0 days 00:01:48.438000,0 days 00:00:38.320000,0 days 00:00:25.463000,0 days 00:00:44.655000,1.0,MEDIUM,14.0,1,Australian Grand Prix,FP1,2026
HAM,Ferrari,15.0,0 days 00:01:45.147000,0 days 00:00:29.730000,0 days 00:00:22.826000,0 days 00:00:52.591000,1.0,MEDIUM,15.0,1,Australian Grand Prix,FP1,2026
HAM,Ferrari,16.0,,0 days 00:00:28.855000,0 days 00:00:17.919000,,1.0,MEDIUM,16.0,1,Australian Grand Prix,FP1,2026
HAM,Ferrari,17.0,0 days 00:01:49.874000,0 days 00:00:46.896000,0 days 00:00:21.116000,0 days 00:00:41.862000,2.0,SOFT,1.0,1,Australian Grand Prix,FP1,2026
HAM,Ferrari,18.0,0 days 00:01:21.295000,0 days 00:00:28.699000,0 days 00:00:17.743000,0 days 00:00:34.853000,2.0,SOFT,2.0,1,Australian Grand Prix,FP1,2026
HAM,Ferrari,19.0,0 days 00:02:08.010000,0 days 00:00:50.376000,0 days 00:00:34.987000,0 days 00:00:42.647000,2.0,SOFT,3.0,1,Australian Grand Prix,FP1,2026
HAM,Ferrari,20.0,0 days 00:01:21.162000,0 days 00:00:28.573000,0 days 00:00:17.694000,0 days 00:00:34.895000,2.0,SOFT,4.0,1,Australian Grand Prix,FP1,2026
HAM,Ferrari,21.0,0 days 00:02:28.892000,0 days 00:00:56.899000,0 days 00:00:41.814000,0 days 00:00:50.179000,2.0,SOFT,5.0,1,Australian Grand Prix,FP1,2026
HAM,Ferrari,22.0,0 days 00:01:43.234000,0 days 00:00:34.854000,0 days 00:00:19.930000,0 days 00:00:48.450000,2.0,SOFT,6.0,1,Australian Grand Prix,FP1,2026
HAM,Ferrari,23.0,0 days 00:01:20.736000,0 days 00:00:28.448000,0 days 00:00:17.607000,0 days 00:00:34.681000,2.0,SOFT,7.0,1,Australian Grand Prix,FP1,2026
HAM,Ferrari,24.0,,0 days 00:00:39.638000,0 days 00:00:23.892000,,2.0,SOFT,8.0,1267,Australian Grand Prix,FP1,2026
HAM,Ferrari,25.0,0 days 00:01:59.842000,0 days 00:00:57.808000,0 days 00:00:18.286000,0 days 00:00:43.748000,3.0,MEDIUM,17.0,1,Australian Grand Prix,FP1,2026
HAM,Ferrari,26.0,0 days 00:01:30.970000,0 days 00:00:33.283000,0 days 00:00:19.005000,0 days 00:00:38.682000,3.0,MEDIUM,18.0,1,Australian Grand Prix,FP1,2026
HAM,Ferrari,27.0,0 days 00:01:23.446000,0 days 00:00:29.203000,0 days 00:00:17.861000,0 days 00:00:36.382000,3.0,MEDIUM,19.0,1,Australian Grand Prix,FP1,2026
HAM,Ferrari,28.0,0 days 00:01:24.790000,0 days 00:00:29.996000,0 days 00:00:18.213000,0 days 00:00:36.581000,3.0,MEDIUM,20.0,1,Australian Grand Prix,FP1,2026
HAM,Ferrari,29.0,,0 days 00:00:46.658000,0 days 00:00:26.716000,,3.0,MEDIUM,21.0,1,Australian Grand Prix,FP1,2026
HAM,Ferrari,30.0,,0 days 00:00:35.005000,0 days 00:00:22.084000,,3.0,MEDIUM,22.0,1,Australian Grand Prix,FP1,2026
SAI,Williams,1.0,,0 days 00:01:10.532000,0 days 00:00:27.630000,,1.0,HARD,1.0,1267,Australian Grand Prix,FP1,2026
SAI,Williams,2.0,0 days 00:01:48.209000,0 days 00:00:38.581000,0 days 00:00:20.709000,0 days 00:00:48.919000,2.0,HARD,2.0,1,Australian Grand Prix,FP1,2026
SAI,Williams,3.0,0 days 00:01:25.677000,0 days 00:00:30.216000,0 days 00:00:18.710000,0 days 00:00:36.751000,2.0,HARD,3.0,1,Australian Grand Prix,FP1,2026
SAI,Williams,4.0,0 days 00:01:40.792000,0 days 00:00:30.158000,0 days 00:00:21.679000,0 days 00:00:48.955000,2.0,HARD,4.0,1,Australian Grand Prix,FP1,2026
SAI,Williams,5.0,0 days 00:01:23.808000,0 days 00:00:29.461000,0 days 00:00:18.438000,0 days 00:00:35.909000,2.0,HARD,5.0,1,Australian Grand Prix,FP1,2026
SAI,Williams,6.0,0 days 00:01:46.832000,0 days 00:00:38.863000,0 days 00:00:25.105000,0 days 00:00:42.864000,2.0,HARD,6.0,1,Australian Grand Prix,FP1,2026
SAI,Williams,7.0,0 days 00:01:23.629000,0 days 00:00:29.396000,0 days 00:00:18.176000,0 days 00:00:36.057000,2.0,HARD,7.0,1,Australian Grand Prix,FP1,2026
SAI,Williams,8.0,0 days 00:01:47.157000,0 days 00:00:38.202000,0 days 00:00:24.560000,0 days 00:00:44.395000,2.0,HARD,8.0,1,Australian Grand Prix,FP1,2026
SAI,Williams,9.0,0 days 00:01:38.218000,0 days 00:00:32.646000,0 days 00:00:21.005000,0 days 00:00:44.567000,2.0,HARD,9.0,1,Australian Grand Prix,FP1,2026
SAI,Williams,10.0,0 days 00:01:32.482000,0 days 00:00:29.277000,0 days 00:00:18.209000,0 days 00:00:44.996000,2.0,HARD,10.0,1,Australian Grand Prix,FP1,2026
SAI,Williams,11.0,0 days 00:01:34.237000,0 days 00:00:31.086000,0 days 00:00:19.433000,0 days 00:00:43.718000,2.0,HARD,11.0,1,Australian Grand Prix,FP1,2026
SAI,Williams,12.0,0 days 00:01:22.827000,0 days 00:00:29.081000,0 days 00:00:18.119000,0 days 00:00:35.627000,2.0,HARD,12.0,1,Australian Grand Prix,FP1,2026
SAI,Williams,13.0,0 days 00:01:47.756000,0 days 00:00:37.617000,0 days 00:00:24.845000,0 days 00:00:45.294000,2.0,HARD,13.0,1,Australian Grand Prix,FP1,2026
SAI,Williams,14.0,0 days 00:01:23.141000,0 days 00:00:29.021000,0 days 00:00:18.178000,0 days 00:00:35.942000,2.0,HARD,14.0,1,Australian Grand Prix,FP1,2026
SAI,Williams,15.0,,0 days 00:00:37.232000,0 days 00:00:26.195000,,2.0,HARD,15.0,1,Australian Grand Prix,FP1,2026
SAI,Williams,16.0,0 days 00:01:48.257000,0 days 00:00:42.304000,0 days 00:00:20.936000,0 days 00:00:45.017000,3.0,SOFT,1.0,1,Australian Grand Prix,FP1,2026
SAI,Williams,17.0,0 days 00:01:22.638000,0 days 00:00:29.009000,0 days 00:00:18.089000,0 days 00:00:35.540000,3.0,SOFT,2.0,1,Australian Grand Prix,FP1,2026
SAI,Williams,18.0,0 days 00:02:01.720000,0 days 00:00:40.614000,0 days 00:00:30.981000,0 days 00:00:50.125000,3.0,SOFT,3.0,1,Australian Grand Prix,FP1,2026
SAI,Williams,19.0,0 days 00:01:42.672000,0 days 00:00:31.987000,0 days 00:00:23.545000,0 days 00:00:47.140000,3.0,SOFT,4.0,1,Australian Grand Prix,FP1,2026
SAI,Williams,20.0,0 days 00:01:22.323000,0 days 00:00:28.868000,0 days 00:00:18.091000,0 days 00:00:35.364000,3.0,SOFT,5.0,1,Australian Grand Prix,FP1,2026
SAI,Williams,21.0,,0 days 00:00:35.590000,0 days 00:00:21.918000,,3.0,SOFT,6.0,126,Australian Grand Prix,FP1,2026
SAI,Williams,22.0,0 days 00:02:29.548000,0 days 00:01:21.829000,0 days 00:00:26.674000,0 days 00:00:41.045000,4.0,SOFT,7.0,671,Australian Grand Prix,FP1,2026
SAI,Williams,23.0,0 days 00:01:26.805000,0 days 00:00:29.708000,0 days 00:00:19.671000,0 days 00:00:37.426000,4.0,SOFT,8.0,1,Australian Grand Prix,FP1,2026
SAI,Williams,24.0,0 days 00:01:27.405000,0 days 00:00:29.681000,0 days 00:00:19.609000,0 days 00:00:38.115000,4.0,SOFT,9.0,1,Australian Grand Prix,FP1,2026
SAI,Williams,25.0,0 days 00:01:26.258000,0 days 00:00:29.805000,0 days 00:00:19.776000,0 days 00:00:36.677000,4.0,SOFT,10.0,1,Australian Grand Prix,FP1,2026
SAI,Williams,26.0,0 days 00:01:25.760000,0 days 00:00:29.506000,0 days 00:00:19.769000,0 days 00:00:36.485000,4.0,SOFT,11.0,1,Australian Grand Prix,FP1,2026
SAI,Williams,27.0,0 days 00:01:25.566000,0 days 00:00:29.433000,0 days 00:00:19.648000,0 days 00:00:36.485000,4.0,SOFT,12.0,1,Australian Grand Prix,FP1,2026
SAI,Williams,28.0,0 days 00:01:25.811000,0 days 00:00:29.730000,0 days 00:00:19.615000,0 days 00:00:36.466000,4.0,SOFT,13.0,1,Australian Grand Prix,FP1,2026
SAI,Williams,29.0,,0 days 00:00:43.444000,0 days 00:00:32.070000,,4.0,SOFT,14.0,1,Australian Grand Prix,FP1,2026
SAI,Williams,30.0,,0 days 00:00:34.784000,0 days 00:00:23.739000,,4.0,SOFT,15.0,1,Australian Grand Prix,FP1,2026
RUS,Mercedes,1.0,,,0 days 00:00:20.577000,0 days 00:00:45.715000,1.0,MEDIUM,1.0,126,Australian Grand Prix,FP1,2026
RUS,Mercedes,2.0,0 days 00:01:51.210000,0 days 00:00:41.845000,0 days 00:00:25.581000,0 days 00:00:43.784000,1.0,MEDIUM,2.0,671,Australian Grand Prix,FP1,2026
RUS,Mercedes,3.0,0 days 00:01:26.483000,0 days 00:00:30.317000,0 days 00:00:18.527000,0 days 00:00:37.639000,1.0,MEDIUM,3.0,1,Australian Grand Prix,FP1,2026
RUS,Mercedes,4.0,0 days 00:01:58.425000,0 days 00:00:41.816000,0 days 00:00:27.834000,0 days 00:00:48.775000,1.0,MEDIUM,4.0,1,Australian Grand Prix,FP1,2026
RUS,Mercedes,5.0,0 days 00:01:25.178000,0 days 00:00:30.154000,0 days 00:00:18.325000,0 days 00:00:36.699000,1.0,MEDIUM,5.0,1,Australian Grand Prix,FP1,2026
RUS,Mercedes,6.0,0 days 00:01:53.619000,0 days 00:00:41.873000,0 days 00:00:26.536000,0 days 00:00:45.210000,1.0,MEDIUM,6.0,1,Australian Grand Prix,FP1,2026
RUS,Mercedes,7.0,0 days 00:01:23.878000,0 days 00:00:29.405000,0 days 00:00:18.280000,0 days 00:00:36.193000,1.0,MEDIUM,7.0,1,Australian Grand Prix,FP1,2026
RUS,Mercedes,8.0,0 days 00:01:54.260000,0 days 00:00:38.528000,0 days 00:00:25.888000,0 days 00:00:49.844000,1.0,MEDIUM,8.0,1,Australian Grand Prix,FP1,2026
RUS,Mercedes,9.0,0 days 00:01:22.706000,0 days 00:00:28.924000,0 days 00:00:18.142000,0 days 00:00:35.640000,1.0,MEDIUM,9.0,1,Australian Grand Prix,FP1,2026
RUS,Mercedes,10.0,0 days 00:01:47.844000,0 days 00:00:32.652000,0 days 00:00:21.762000,0 days 00:00:53.430000,1.0,MEDIUM,10.0,1,Australian Grand Prix,FP1,2026
RUS,Mercedes,11.0,,0 days 00:01:16.039000,0 days 00:00:19.955000,,2.0,MEDIUM,11.0,1,Australian Grand Prix,FP1,2026
RUS,Mercedes,12.0,0 days 00:02:08.799000,0 days 00:01:08.161000,0 days 00:00:19.160000,0 days 00:00:41.478000,3.0,SOFT,1.0,1,Australian Grand Prix,FP1,2026
RUS,Mercedes,13.0,0 days 00:01:22.117000,0 days 00:00:28.591000,0 days 00:00:18.063000,0 days 00:00:35.463000,3.0,SOFT,2.0,1,Australian Grand Prix,FP1,2026
RUS,Mercedes,14.0,0 days 00:02:19.408000,0 days 00:00:43.564000,0 days 00:00:28.427000,0 days 00:01:07.417000,3.0,SOFT,3.0,1,Australian Grand Prix,FP1,2026
RUS,Mercedes,15.0,0 days 00:01:55.836000,0 days 00:00:43.871000,0 days 00:00:25.012000,0 days 00:00:46.953000,4.0,SOFT,4.0,1,Australian Grand Prix,FP1,2026
RUS,Mercedes,16.0,0 days 00:01:21.371000,0 days 00:00:28.517000,0 days 00:00:17.870000,0 days 00:00:34.984000,4.0,SOFT,5.0,1,Australian Grand Prix,FP1,2026
RUS,Mercedes,17.0,,0 days 00:00:35.179000,0 days 00:00:21.146000,,4.0,SOFT,6.0,12,Australian Grand Prix,FP1,2026
RUS,Mercedes,18.0,,0 days 00:01:12.861000,0 days 00:00:27.210000,0 days 00:00:49.961000,5.0,MEDIUM,12.0,26,Australian Grand Prix,FP1,2026
RUS,Mercedes,19.0,0 days 00:01:37.157000,0 days 00:00:39.391000,0 days 00:00:19.862000,0 days 00:00:37.904000,5.0,MEDIUM,13.0,671,Australian Grand Prix,FP1,2026
RUS,Mercedes,20.0,0 days 00:01:25.205000,0 days 00:00:29.828000,0 days 00:00:18.486000,0 days 00:00:36.891000,5.0,MEDIUM,14.0,1,Australian Grand Prix,FP1,2026
RUS,Mercedes,21.0,0 days 00:01:24.430000,0 days 00:00:29.530000,0 days 00:00:18.506000,0 days 00:00:36.394000,5.0,MEDIUM,15.0,1,Australian Grand Prix,FP1,2026
RUS,Mercedes,22.0,0 days 00:01:24.293000,0 days 00:00:29.631000,0 days 00:00:18.371000,0 days 00:00:36.291000,5.0,MEDIUM,16.0,1,Australian Grand Prix,FP1,2026
RUS,Mercedes,23.0,0 days 00:01:41.375000,0 days 00:00:29.744000,0 days 00:00:18.409000,0 days 00:00:53.222000,5.0,MEDIUM,17.0,1,Australian Grand Prix,FP1,2026
RUS,Mercedes,24.0,0 days 00:01:59.925000,0 days 00:01:02.701000,0 days 00:00:18.874000,0 days 00:00:38.350000,6.0,SOFT,7.0,1,Australian Grand Prix,FP1,2026
RUS,Mercedes,25.0,0 days 00:02:28.431000,0 days 00:00:29.340000,0 days 00:00:18.494000,,6.0,SOFT,8.0,1,Australian Grand Prix,FP1,2026
RUS,Mercedes,26.0,,0 days 00:00:32.256000,0 days 00:00:19.624000,,6.0,SOFT,9.0,1,Australian Grand Prix,FP1,2026
BOT,Cadillac,1.0,0 days 00:01:58.679000,0 days 00:00:52.863000,0 days 00:00:22.216000,0 days 00:00:43.600000,1.0,MEDIUM,1.0,1,Australian Grand Prix,FP1,2026
BOT,Cadillac,2.0,0 days 00:01:29.969000,0 days 00:00:31.511000,0 days 00:00:19.893000,0 days 00:00:38.565000,1.0,MEDIUM,2.0,1,Australian Grand Prix,FP1,2026
BOT,Cadillac,3.0,0 days 00:01:44.625000,0 days 00:00:35.441000,0 days 00:00:21.388000,0 days 00:00:47.796000,1.0,MEDIUM,3.0,1,Australian Grand Prix,FP1,2026
BOT,Cadillac,4.0,,0 days 00:00:30.156000,0 days 00:00:18.605000,,1.0,MEDIUM,4.0,1,Australian Grand Prix,FP1,2026
BOT,Cadillac,5.0,0 days 00:01:51.943000,0 days 00:00:44.720000,0 days 00:00:21.033000,0 days 00:00:46.190000,2.0,MEDIUM,5.0,1,Australian Grand Prix,FP1,2026
BOT,Cadillac,6.0,0 days 00:01:26.071000,0 days 00:00:30.051000,0 days 00:00:18.718000,0 days 00:00:37.302000,2.0,MEDIUM,6.0,1,Australian Grand Prix,FP1,2026
BOT,Cadillac,7.0,0 days 00:01:52.700000,0 days 00:00:37.009000,0 days 00:00:28.165000,0 days 00:00:47.526000,2.0,MEDIUM,7.0,1,Australian Grand Prix,FP1,2026
BOT,Cadillac,8.0,0 days 00:01:25.459000,0 days 00:00:30,0 days 00:00:18.516000,0 days 00:00:36.943000,2.0,MEDIUM,8.0,1,Australian Grand Prix,FP1,2026
BOT,Cadillac,9.0,,0 days 00:00:35.821000,0 days 00:00:20.967000,,2.0,MEDIUM,9.0,1,Australian Grand Prix,FP1,2026
BOT,Cadillac,10.0,0 days 00:01:46.094000,0 days 00:00:40.006000,0 days 00:00:20.780000,0 days 00:00:45.308000,3.0,SOFT,1.0,1,Australian Grand Prix,FP1,2026
BOT,Cadillac,11.0,0 days 00:01:24.986000,0 days 00:00:29.775000,0 days 00:00:18.640000,0 days 00:00:36.571000,3.0,SOFT,2.0,1,Australian Grand Prix,FP1,2026
BOT,Cadillac,12.0,0 days 00:02:15.692000,0 days 00:00:42.725000,0 days 00:00:27.430000,0 days 00:01:05.537000,3.0,SOFT,3.0,1,Australian Grand Prix,FP1,2026
BOT,Cadillac,13.0,0 days 00:01:47.663000,0 days 00:00:35.484000,0 days 00:00:24.217000,0 days 00:00:47.962000,3.0,SOFT,4.0,1,Australian Grand Prix,FP1,2026
BOT,Cadillac,14.0,0 days 00:01:35.752000,0 days 00:00:32.444000,0 days 00:00:21.275000,0 days 00:00:42.033000,3.0,SOFT,5.0,1,Australian Grand Prix,FP1,2026
BOT,Cadillac,15.0,0 days 00:01:24.835000,0 days 00:00:29.808000,0 days 00:00:18.335000,0 days 00:00:36.692000,3.0,SOFT,6.0,1,Australian Grand Prix,FP1,2026
BOT,Cadillac,16.0,0 days 00:01:59.451000,0 days 00:00:36.892000,0 days 00:00:27.847000,0 days 00:00:54.712000,3.0,SOFT,7.0,126,Australian Grand Prix,FP1,2026
BOT,Cadillac,17.0,0 days 00:02:13.993000,0 days 00:00:39.906000,0 days 00:00:27.353000,0 days 00:01:06.734000,3.0,SOFT,8.0,671,Australian Grand Prix,FP1,2026
BOT,Cadillac,18.0,0 days 00:01:24.671000,0 days 00:00:29.961000,0 days 00:00:18.168000,0 days 00:00:36.542000,3.0,SOFT,9.0,1,Australian Grand Prix,FP1,2026
BOT,Cadillac,19.0,0 days 00:02:00.761000,0 days 00:00:44.350000,0 days 00:00:34.066000,0 days 00:00:42.345000,3.0,SOFT,10.0,1,Australian Grand Prix,FP1,2026
BOT,Cadillac,20.0,0 days 00:01:25.470000,0 days 00:00:30.099000,0 days 00:00:18.187000,0 days 00:00:37.184000,3.0,SOFT,11.0,1,Australian Grand Prix,FP1,2026
BOT,Cadillac,21.0,0 days 00:02:03.289000,0 days 00:00:46.849000,0 days 00:00:22.100000,0 days 00:00:54.340000,3.0,SOFT,12.0,1,Australian Grand Prix,FP1,2026
BOT,Cadillac,22.0,0 days 00:01:24.022000,0 days 00:00:29.486000,0 days 00:00:18.053000,0 days 00:00:36.483000,3.0,SOFT,13.0,1,Australian Grand Prix,FP1,2026
BOT,Cadillac,23.0,0 days 00:02:12.930000,0 days 00:00:39.318000,0 days 00:00:26.830000,0 days 00:01:06.782000,3.0,SOFT,14.0,1,Australian Grand Prix,FP1,2026
BOT,Cadillac,24.0,,0 days 00:00:57.463000,0 days 00:00:20.722000,,3.0,SOFT,15.0,1,Australian Grand Prix,FP1,2026
PIA,McLaren,1.0,,,0 days 00:00:36.712000,0 days 00:01:13.134000,1.0,MEDIUM,1.0,1267,Australian Grand Prix,FP1,2026
PIA,McLaren,2.0,0 days 00:01:34.777000,0 days 00:00:33.636000,0 days 00:00:20.497000,0 days 00:00:40.644000,1.0,MEDIUM,2.0,1,Australian Grand Prix,FP1,2026
PIA,McLaren,3.0,,0 days 00:00:30.774000,0 days 00:00:19.872000,,1.0,MEDIUM,3.0,1,Australian Grand Prix,FP1,2026
PIA,McLaren,4.0,0 days 00:01:43.736000,0 days 00:00:43.544000,0 days 00:00:20.443000,0 days 00:00:39.749000,2.0,MEDIUM,4.0,1,Australian Grand Prix,FP1,2026
PIA,McLaren,5.0,0 days 00:01:24.658000,0 days 00:00:29.280000,0 days 00:00:18.880000,0 days 00:00:36.498000,2.0,MEDIUM,5.0,1,Australian Grand Prix,FP1,2026
PIA,McLaren,6.0,0 days 00:01:42.063000,0 days 00:00:31.030000,0 days 00:00:20.324000,0 days 00:00:50.709000,2.0,MEDIUM,6.0,1,Australian Grand Prix,FP1,2026
PIA,McLaren,7.0,0 days 00:01:22.402000,0 days 00:00:28.869000,0 days 00:00:18.084000,0 days 00:00:35.449000,2.0,MEDIUM,7.0,1,Australian Grand Prix,FP1,2026
PIA,McLaren,8.0,,0 days 00:00:41.133000,0 days 00:00:26.892000,,2.0,MEDIUM,8.0,1,Australian Grand Prix,FP1,2026
PIA,McLaren,9.0,0 days 00:01:46.167000,0 days 00:00:39.817000,0 days 00:00:20.532000,0 days 00:00:45.818000,3.0,MEDIUM,9.0,1,Australian Grand Prix,FP1,2026
PIA,McLaren,10.0,0 days 00:01:21.955000,0 days 00:00:28.750000,0 days 00:00:17.928000,0 days 00:00:35.277000,3.0,MEDIUM,10.0,1,Australian Grand Prix,FP1,2026
PIA,McLaren,11.0,0 days 00:02:07.121000,0 days 00:00:41.479000,0 days 00:00:24.891000,0 days 00:01:00.751000,3.0,MEDIUM,11.0,1,Australian Grand Prix,FP1,2026
PIA,McLaren,12.0,0 days 00:01:21.938000,0 days 00:00:28.735000,0 days 00:00:17.988000,0 days 00:00:35.215000,3.0,MEDIUM,12.0,1,Australian Grand Prix,FP1,2026
PIA,McLaren,13.0,,0 days 00:00:35.784000,0 days 00:00:20.521000,,3.0,MEDIUM,13.0,1267,Australian Grand Prix,FP1,2026
PIA,McLaren,14.0,0 days 00:01:45.250000,0 days 00:00:41.972000,0 days 00:00:20.303000,0 days 00:00:42.975000,4.0,SOFT,1.0,71,Australian Grand Prix,FP1,2026
PIA,McLaren,15.0,0 days 00:01:21.724000,0 days 00:00:28.742000,0 days 00:00:17.879000,0 days 00:00:35.103000,4.0,SOFT,2.0,1,Australian Grand Prix,FP1,2026
PIA,McLaren,16.0,0 days 00:02:08.232000,0 days 00:00:41.239000,0 days 00:00:25.907000,0 days 00:01:01.086000,4.0,SOFT,3.0,1,Australian Grand Prix,FP1,2026
PIA,McLaren,17.0,0 days 00:01:45.198000,0 days 00:00:40.246000,0 days 00:00:23.785000,0 days 00:00:41.167000,4.0,SOFT,4.0,1,Australian Grand Prix,FP1,2026
PIA,McLaren,18.0,0 days 00:01:21.342000,0 days 00:00:28.166000,0 days 00:00:18.287000,0 days 00:00:34.889000,4.0,SOFT,5.0,1,Australian Grand Prix,FP1,2026
PIA,McLaren,19.0,0 days 00:01:26.303000,0 days 00:00:30.386000,0 days 00:00:19.376000,0 days 00:00:36.541000,4.0,SOFT,6.0,1,Australian Grand Prix,FP1,2026
PIA,McLaren,20.0,,0 days 00:00:36.808000,0 days 00:00:23.542000,,4.0,SOFT,7.0,1,Australian Grand Prix,FP1,2026
PIA,McLaren,21.0,,0 days 00:00:31.633000,0 days 00:00:18.827000,,4.0,SOFT,8.0,1,Australian Grand Prix,FP1,2026
BEA,Haas F1 Team,1.0,,,0 days 00:00:21.976000,0 days 00:00:48.452000,1.0,MEDIUM,1.0,1,Australian Grand Prix,FP1,2026
BEA,Haas F1 Team,2.0,0 days 00:01:56.275000,0 days 00:00:32.035000,0 days 00:00:21.905000,0 days 00:01:02.335000,1.0,MEDIUM,2.0,126,Australian Grand Prix,FP1,2026
BEA,Haas F1 Team,3.0,0 days 00:01:48.461000,0 days 00:00:43.612000,0 days 00:00:21.376000,0 days 00:00:43.473000,1.0,MEDIUM,3.0,671,Australian Grand Prix,FP1,2026
BEA,Haas F1 Team,4.0,0 days 00:01:26.733000,0 days 00:00:30.396000,0 days 00:00:18.529000,0 days 00:00:37.808000,1.0,MEDIUM,4.0,1,Australian Grand Prix,FP1,2026
BEA,Haas F1 Team,5.0,0 days 00:01:57.459000,0 days 00:00:52.994000,0 days 00:00:22.033000,0 days 00:00:42.432000,1.0,MEDIUM,5.0,1,Australian Grand Prix,FP1,2026
BEA,Haas F1 Team,6.0,0 days 00:01:24.998000,0 days 00:00:30.019000,0 days 00:00:18.276000,0 days 00:00:36.703000,1.0,MEDIUM,6.0,1,Australian Grand Prix,FP1,2026
BEA,Haas F1 Team,7.0,0 days 00:02:04.764000,0 days 00:00:50.961000,0 days 00:00:29.541000,0 days 00:00:44.262000,1.0,MEDIUM,7.0,1,Australian Grand Prix,FP1,2026
BEA,Haas F1 Team,8.0,0 days 00:01:24.506000,0 days 00:00:29.809000,0 days 00:00:18.396000,0 days 00:00:36.301000,1.0,MEDIUM,8.0,1,Australian Grand Prix,FP1,2026
BEA,Haas F1 Team,9.0,0 days 00:02:13.267000,0 days 00:00:55.378000,0 days 00:00:32.090000,0 days 00:00:45.799000,1.0,MEDIUM,9.0,1,Australian Grand Prix,FP1,2026
BEA,Haas F1 Team,10.0,0 days 00:01:23.741000,0 days 00:00:29.253000,0 days 00:00:18.421000,0 days 00:00:36.067000,1.0,MEDIUM,10.0,1,Australian Grand Prix,FP1,2026
BEA,Haas F1 Team,11.0,0 days 00:02:02.892000,0 days 00:00:46.799000,0 days 00:00:28.706000,0 days 00:00:47.387000,1.0,MEDIUM,11.0,1,Australian Grand Prix,FP1,2026
BEA,Haas F1 Team,12.0,0 days 00:01:23.095000,0 days 00:00:29.043000,0 days 00:00:18.204000,0 days 00:00:35.848000,1.0,MEDIUM,12.0,1,Australian Grand Prix,FP1,2026
BEA,Haas F1 Team,13.0,0 days 00:02:06.651000,0 days 00:00:49.799000,0 days 00:00:31.417000,0 days 00:00:45.435000,1.0,MEDIUM,13.0,1,Australian Grand Prix,FP1,2026
BEA,Haas F1 Team,14.0,0 days 00:01:23.153000,0 days 00:00:29.314000,0 days 00:00:18.042000,0 days 00:00:35.797000,1.0,MEDIUM,14.0,1,Australian Grand Prix,FP1,2026
BEA,Haas F1 Team,15.0,0 days 00:02:05.995000,0 days 00:00:50.769000,0 days 00:00:27.436000,0 days 00:00:47.790000,1.0,MEDIUM,15.0,1,Australian Grand Prix,FP1,2026
BEA,Haas F1 Team,16.0,,0 days 00:00:29.270000,0 days 00:00:18.051000,,1.0,MEDIUM,16.0,1,Australian Grand Prix,FP1,2026
BEA,Haas F1 Team,17.0,0 days 00:01:58.460000,0 days 00:00:41.554000,0 days 00:00:19.646000,0 days 00:00:57.260000,2.0,MEDIUM,17.0,1,Australian Grand Prix,FP1,2026
BEA,Haas F1 Team,18.0,0 days 00:01:45.352000,0 days 00:00:38.461000,0 days 00:00:20.910000,0 days 00:00:45.981000,2.0,MEDIUM,18.0,1,Australian Grand Prix,FP1,2026
BEA,Haas F1 Team,19.0,,0 days 00:00:41.656000,0 days 00:00:20.883000,,2.0,MEDIUM,19.0,1267,Australian Grand Prix,FP1,2026
BEA,Haas F1 Team,20.0,0 days 00:01:42.150000,0 days 00:00:40.722000,0 days 00:00:20.699000,0 days 00:00:40.729000,3.0,SOFT,1.0,1,Australian Grand Prix,FP1,2026
BEA,Haas F1 Team,21.0,0 days 00:01:22.682000,0 days 00:00:29.112000,0 days 00:00:17.976000,0 days 00:00:35.594000,3.0,SOFT,2.0,1,Australian Grand Prix,FP1,2026
BEA,Haas F1 Team,22.0,0 days 00:02:27.404000,0 days 00:00:51.360000,0 days 00:00:35.589000,0 days 00:01:00.455000,3.0,SOFT,3.0,1,Australian Grand Prix,FP1,2026
BEA,Haas F1 Team,23.0,0 days 00:01:40.513000,0 days 00:00:37.226000,0 days 00:00:21.391000,0 days 00:00:41.896000,3.0,SOFT,4.0,1,Australian Grand Prix,FP1,2026
BEA,Haas F1 Team,24.0,,0 days 00:00:43.255000,0 days 00:00:24.623000,0 days 00:01:24.503000,3.0,SOFT,5.0,1,Australian Grand Prix,FP1,2026
BEA,Haas F1 Team,25.0,,0 days 00:00:33.251000,0 days 00:00:19.330000,,3.0,SOFT,6.0,1,Australian Grand Prix,FP1,2026
